,ID,DATE,TIME,CODE,VALUE,UNIT,IMAGEDATE,B1,B2,B3,B4,B5,B6,B7,B8,B8A,B9,B11,B12,geometry
0,JPN00006,2019-01-22,09:35,Chl-a,33.0,mg/l,2019-01-23,66.0,236.0,333.0,292.0,661.0,2076.0,2553.0,2760.0,2845.0,2560.0,1077.0,526.0,POINT (139.2 35.6136111111111)
1,JPN00019,2019-02-05,11:15,Chl-a,34.0,mg/l,2019-02-05,4399.0,4344.0,4300.0,4261.0,4356.0,4223.0,4236.0,4159.0,4168.0,5204.0,4141.0,3967.0,POINT (136.135277777778 35.3916666666667)
2,JPN00020,2019-02-04,09:20,Chl-a,13.0,mg/l,2019-02-05,429.0,547.0,572.0,279.0,239.0,178.0,182.0,170.0,150.0,114.0,101.0,86.0,POINT (135.896111111111 35.0411111111111)
3,MEX00018,2019-02-06,12:00,Chl-a,377.0,mg/l,2019-02-04,1.0,1.0,1.0,1.0,1.0,1.0,1.0,1.0,1.0,8.0,61.0,81.0,POINT (-102.35794 22.12123)
4,MEX00018,2019-02-06,12:00,Chl-a,377.0,mg/l,2019-02-07,1.0,47.0,59.0,49.0,97.0,42.0,59.0,37.0,38.0,38.0,80.0,87.0,POINT (-102.35794 22.12123)
5,MEX00019,2019-02-06,12:00,Chl-a,1938.0,mg/l,2019-02-04,145.0,136.0,144.0,141.0,220.0,230.0,249.0,230.0,291.0,522.0,554.0,467.0,POINT (-102.37846 22.1358)
6,MEX00019,2019-02-06,12:00,Chl-a,1938.0,mg/l,2019-02-07,56.0,82.0,111.0,130.0,315.0,275.0,299.0,241.0,269.0,467.0,436.0,378.0,POINT (-102.37846 22.1358)
7,MEX00025,2019-02-06,12:00,Chl-a,1.0,mg/l,2019-02-07,363.0,613.0,857.0,998.0,1009.0,846.0,932.0,961.0,975.0,1474.0,1555.0,1496.0,POINT (-102.4653 22.18899)
8,MEX00033,2019-02-08,12:00,Chl-a,250.0,mg/l,2019-02-07,460.0,404.0,598.0,550.0,744.0,814.0,901.0,944.0,936.0,1413.0,905.0,704.0,POINT (-102.25658 21.86921)
9,MEX00033,2019-02-08,12:00,Chl-a,250.0,mg/l,2019-02-09,621.0,478.0,709.0,659.0,867.0,952.0,1018.0,1001.0,1065.0,1577.0,987.0,759.0,POINT (-102.25658 21.86921)
10,MEX00037,2019-02-08,12:00,Chl-a,245.0,mg/l,2019-02-07,113.0,212.0,371.0,282.0,390.0,148.0,143.0,98.0,58.0,48.0,71.0,57.0,POINT (-102.37299 21.81627)
11,MEX00037,2019-02-08,12:00,Chl-a,245.0,mg/l,2019-02-09,321.0,319.0,483.0,337.0,486.0,306.0,297.0,224.0,186.0,131.0,153.0,124.0,POINT (-102.37299 21.81627)
12,MEX00038,2019-02-08,12:00,Chl-a,345.0,mg/l,2019-02-07,350.0,554.0,951.0,529.0,1052.0,720.0,654.0,501.0,375.0,307.0,100.0,80.0,POINT (-102.37466 21.8007)
13,MEX00038,2019-02-08,12:00,Chl-a,345.0,mg/l,2019-02-09,518.0,639.0,1081.0,639.0,1252.0,838.0,756.0,571.0,463.0,373.0,179.0,147.0,POINT (-102.37466 21.8007)
14,MEX00043,2019-02-06,12:00,Chl-a,1.0,mg/l,2019-02-04,707.0,812.0,1140.0,1338.0,1723.0,3180.0,3670.0,3774.0,3752.0,3419.0,2463.0,1955.0,POINT (-102.34201 22.143375)
15,MEX00043,2019-02-06,12:00,Chl-a,1.0,mg/l,2019-02-07,633.0,704.0,980.0,1133.0,1439.0,2737.0,3215.0,3341.0,3312.0,3008.0,2073.0,1627.0,POINT (-102.34201 22.143375)
16,MEX00047,2019-02-06,12:00,Chl-a,1.0,mg/l,2019-02-04,66.0,120.0,295.0,159.0,92.0,1.0,1.0,1.0,1.0,298.0,59.0,100.0,POINT (-101.86181 21.99751)
17,MEX00047,2019-02-06,12:00,Chl-a,1.0,mg/l,2019-02-04,307.0,258.0,403.0,277.0,259.0,148.0,170.0,120.0,119.0,887.0,281.0,281.0,POINT (-101.86181 21.99751)
18,MEX00069,2019-02-06,12:00,Chl-a,95.0,mg/l,2019-02-04,200.0,503.0,763.0,934.0,1141.0,1221.0,1356.0,1400.0,1497.0,1196.0,1898.0,1630.0,POINT (-102.33911 22.2473)
19,MEX00069,2019-02-06,12:00,Chl-a,95.0,mg/l,2019-02-07,231.0,529.0,748.0,896.0,1062.0,1155.0,1238.0,1347.0,1336.0,1104.0,1686.0,1448.0,POINT (-102.33911 22.2473)
20,MEX00069,2019-10-31,12:00,Chl-a,3062.0,mg/l,2019-10-30,508.0,666.0,926.0,1071.0,1378.0,1798.0,1934.0,1973.0,2087.0,2093.0,2591.0,2183.0,POINT (-102.33911 22.2473)
21,MEX00069,2019-10-31,12:00,Chl-a,3062.0,mg/l,2019-11-01,955.0,1135.0,1364.0,1468.0,1790.0,2173.0,2358.0,2377.0,2536.0,2569.0,2805.0,2494.0,POINT (-102.33911 22.2473)
22,MEX00158,2019-02-06,12:00,Chl-a,34.0,mg/l,2019-02-04,299.0,274.0,577.0,400.0,446.0,201.0,212.0,187.0,190.0,639.0,161.0,126.0,POINT (-90.29456 18.64079)
23,MEX00158,2019-02-06,12:00,Chl-a,34.0,mg/l,2019-02-07,226.0,266.0,608.0,474.0,548.0,320.0,314.0,266.0,298.0,637.0,236.0,195.0,POINT (-90.29456 18.64079)
24,MEX00159,2019-02-06,12:00,Chl-a,1.0,mg/l,2019-02-04,269.0,281.0,606.0,402.0,568.0,431.0,425.0,394.0,404.0,378.0,319.0,183.0,POINT (-90.27489 18.64156)
25,MEX00159,2019-02-06,12:00,Chl-a,1.0,mg/l,2019-02-07,270.0,263.0,589.0,398.0,561.0,469.0,452.0,440.0,410.0,552.0,327.0,207.0,POINT (-90.27489 18.64156)
26,MEX00160,2019-02-06,12:00,Chl-a,9.0,mg/l,2019-02-04,834.0,476.0,896.0,635.0,929.0,531.0,588.0,480.0,598.0,1788.0,543.0,462.0,POINT (-90.27154 18.49958)
27,MEX00161,2019-02-06,12:00,Chl-a,11.0,mg/l,2019-02-04,332.0,720.0,1119.0,1019.0,1850.0,2310.0,2508.0,2501.0,2567.0,837.0,1995.0,1414.0,POINT (-90.21145 18.47998)
28,MEX00478,2019-02-14,12:00,Chl-a,1.0,mg/l,2019-02-12,313.0,348.0,526.0,348.0,326.0,116.0,131.0,106.0,88.0,1.0,100.0,77.0,POINT (-103.7732 18.81111)
29,MEX00479,2019-02-14,12:00,Chl-a,268.0,mg/l,2019-02-12,261.0,295.0,953.0,512.0,1002.0,800.0,864.0,826.0,817.0,578.0,482.0,272.0,POINT (-103.77939 18.91745)
30,MEX00479,2019-02-14,12:00,Chl-a,268.0,mg/l,2019-02-12,295.0,326.0,1088.0,584.0,1054.0,489.0,519.0,429.0,379.0,507.0,215.0,145.0,POINT (-103.77939 18.91745)
31,MEX00519,2019-10-25,12:00,Chl-a,216.0,mg/l,2019-10-25,1708.0,1095.0,1059.0,925.0,1104.0,1534.0,1713.0,1578.0,1780.0,2872.0,1349.0,1053.0,POINT (-103.67449 19.4136)
32,MEX00521,2019-01-23,12:00,Chl-a,1.0,mg/l,2019-01-23,68.0,91.0,287.0,113.0,242.0,101.0,121.0,101.0,91.0,1265.0,92.0,61.0,POINT (-103.70843 19.46118)
33,MEX00558,2019-02-09,12:00,Chl-a,1.0,mg/l,2019-02-10,169.0,400.0,664.0,588.0,446.0,113.0,110.0,72.0,31.0,0.0,41.0,64.0,POINT (-104.69426 23.87358)
34,MEX00559,2019-02-09,12:00,Chl-a,1.0,mg/l,2019-02-10,298.0,491.0,751.0,706.0,611.0,303.0,316.0,244.0,280.0,219.0,380.0,346.0,POINT (-104.67751 23.87458)
35,MEX00614,2019-02-09,12:00,Chl-a,1.0,mg/l,2019-02-10,202.0,426.0,691.0,615.0,466.0,143.0,135.0,95.0,64.0,2.0,41.0,67.0,POINT (-104.68114 23.86417)
36,MEX00617,2019-02-09,12:00,Chl-a,1.0,mg/l,2019-02-10,243.0,452.0,741.0,673.0,531.0,169.0,177.0,114.0,84.0,45.0,80.0,93.0,POINT (-104.69621 23.82643)
37,MEX00685,2019-02-17,12:00,Chl-a,1.0,mg/l,2019-02-15,277.0,509.0,921.0,524.0,476.0,106.0,114.0,75.0,49.0,29.0,116.0,124.0,POINT (-104.92955 26.24026)
38,MEX00688,2019-02-17,12:00,Chl-a,1.0,mg/l,2019-02-15,657.0,892.0,1321.0,1026.0,854.0,355.0,348.0,291.0,239.0,306.0,206.0,192.0,POINT (-105.58365 26.44226)
39,MEX00689,2019-02-17,12:00,Chl-a,1.0,mg/l,2019-02-15,608.0,854.0,1283.0,993.0,826.0,299.0,290.0,238.0,182.0,229.0,153.0,155.0,POINT (-105.58257 26.4188)
40,MEX00690,2019-02-17,12:00,Chl-a,1.0,mg/l,2019-02-15,640.0,862.0,1298.0,989.0,846.0,332.0,319.0,273.0,220.0,283.0,207.0,191.0,POINT (-105.59589 26.46471)
41,MEX00729,2019-02-13,12:00,Chl-a,89.0,mg/l,2019-02-11,330.0,513.0,698.0,640.0,697.0,686.0,717.0,710.0,740.0,1094.0,1126.0,1052.0,POINT (-99.96128 19.6609)
42,MEX00730,2019-02-13,12:00,Chl-a,190.0,mg/l,2019-02-11,390.0,703.0,969.0,1214.0,1518.0,1740.0,1909.0,2014.0,2137.0,1919.0,2559.0,2101.0,POINT (-99.98378 19.61868)
43,MEX00731,2019-02-13,12:00,Chl-a,1.0,mg/l,2019-02-11,215.0,292.0,425.0,271.0,329.0,217.0,275.0,212.0,185.0,787.0,284.0,227.0,POINT (-99.96532999999999 19.63797)
44,MEX00733,2019-02-20,12:00,Chl-a,261.0,mg/l,2019-02-21,66.0,209.0,442.0,221.0,270.0,100.0,96.0,73.0,53.0,34.0,38.0,32.0,POINT (-99.99081 19.45822)
45,MEX00734,2019-02-20,12:00,Chl-a,276.0,mg/l,2019-02-21,66.0,206.0,451.0,227.0,267.0,106.0,100.0,85.0,64.0,49.0,51.0,50.0,POINT (-99.99544 19.46325)
46,MEX00735,2019-02-20,12:00,Chl-a,182.0,mg/l,2019-02-21,48.0,192.0,444.0,203.0,245.0,89.0,82.0,60.0,45.0,39.0,49.0,48.0,POINT (-99.99575 19.45484)
47,MEX00737,2019-02-20,12:00,Chl-a,175.0,mg/l,2019-02-21,46.0,122.0,291.0,141.0,169.0,62.0,82.0,62.0,46.0,269.0,102.0,102.0,POINT (-100.05466 19.46159)
48,MEX00751,2019-01-22,12:00,Chl-a,1.0,mg/l,2019-01-22,193.0,270.0,427.0,413.0,783.0,1545.0,1918.0,2205.0,2265.0,1985.0,1457.0,878.0,POINT (-100.19485 19.21598)
49,MEX00792,2019-02-25,12:00,Chl-a,11.0,mg/l,2019-02-24,9550.0,8580.0,8403.0,8037.0,8483.0,8341.0,8356.0,8422.0,8461.0,15438.0,6740.0,6566.0,POINT (-100.144884 19.77555)
50,MEX00792,2019-02-25,12:00,Chl-a,11.0,mg/l,2019-02-26,149.0,157.0,272.0,200.0,325.0,514.0,602.0,568.0,663.0,1428.0,604.0,405.0,POINT (-100.144884 19.77555)
51,MEX00793,2019-02-25,12:00,Chl-a,9.0,mg/l,2019-02-24,9550.0,8580.0,8403.0,8037.0,8483.0,8341.0,8356.0,8422.0,8461.0,15438.0,6740.0,6566.0,POINT (-100.14494 19.77593)
52,MEX00793,2019-02-25,12:00,Chl-a,9.0,mg/l,2019-02-26,149.0,157.0,272.0,200.0,325.0,514.0,602.0,568.0,663.0,1428.0,604.0,405.0,POINT (-100.14494 19.77593)
53,MEX00794,2019-02-25,12:00,Chl-a,11.0,mg/l,2019-02-24,358.0,376.0,360.0,245.0,280.0,351.0,450.0,418.0,374.0,764.0,258.0,178.0,POINT (-100.14576 19.7699)
54,MEX00794,2019-02-25,12:00,Chl-a,11.0,mg/l,2019-02-26,204.0,124.0,246.0,134.0,313.0,550.0,542.0,535.0,588.0,1619.0,430.0,263.0,POINT (-100.14576 19.7699)
55,MEX00795,2019-02-25,12:00,Chl-a,14.0,mg/l,2019-02-24,271.0,364.0,284.0,188.0,190.0,219.0,322.0,323.0,264.0,634.0,185.0,173.0,POINT (-100.143667 19.76984)
56,MEX00795,2019-02-25,12:00,Chl-a,14.0,mg/l,2019-02-26,174.0,132.0,216.0,117.0,211.0,271.0,297.0,173.0,290.0,1556.0,255.0,225.0,POINT (-100.143667 19.76984)
57,MEX00798,2019-01-29,12:00,Chl-a,23.0,mg/l,2019-01-27,238.0,88.0,132.0,100.0,102.0,77.0,63.0,93.0,69.0,275.0,189.0,176.0,POINT (-99.62596000000001 20.6016)
58,MEX00862,2019-02-08,12:00,Chl-a,71.0,mg/l,2019-02-09,350.0,368.0,732.0,532.0,804.0,358.0,358.0,308.0,211.0,204.0,167.0,150.0,POINT (-101.68842 21.1733)
59,MEX00862,2019-02-08,12:00,Chl-a,71.0,mg/l,2019-02-09,500.0,452.0,773.0,644.0,959.0,650.0,654.0,515.0,529.0,716.0,535.0,437.0,POINT (-101.68842 21.1733)
60,MEX00863,2019-02-08,12:00,Chl-a,109.0,mg/l,2019-02-09,238.0,366.0,740.0,520.0,820.0,384.0,382.0,290.0,201.0,25.0,94.0,91.0,POINT (-101.68037 21.17567)
61,MEX00863,2019-02-08,12:00,Chl-a,109.0,mg/l,2019-02-09,287.0,397.0,773.0,553.0,843.0,415.0,410.0,323.0,238.0,84.0,122.0,98.0,POINT (-101.68037 21.17567)
62,MEX00865,2019-02-05,12:00,Chl-a,1.0,mg/l,2019-02-04,855.0,895.0,1119.0,1423.0,1590.0,1323.0,1332.0,1212.0,1169.0,2166.0,884.0,717.0,POINT (-100.52988 21.101277)
63,MEX00878,2019-02-09,12:00,Chl-a,1.0,mg/l,2019-02-09,242.0,59.0,158.0,112.0,129.0,258.0,116.0,115.0,169.0,775.0,419.0,320.0,POINT (-101.226107 21.024345)
64,MEX00878,2019-02-09,12:00,Chl-a,1.0,mg/l,2019-02-09,248.0,116.0,221.0,175.0,223.0,212.0,250.0,226.0,266.0,934.0,562.0,394.0,POINT (-101.226107 21.024345)
65,MEX00879,2019-02-09,12:00,Chl-a,1.0,mg/l,2019-02-09,116.0,60.0,186.0,106.0,99.0,73.0,90.0,76.0,103.0,742.0,342.0,244.0,POINT (-101.219454 21.025339)
66,MEX00879,2019-02-09,12:00,Chl-a,1.0,mg/l,2019-02-09,173.0,133.0,282.0,232.0,274.0,250.0,268.0,229.0,284.0,886.0,539.0,408.0,POINT (-101.219454 21.025339)
67,MEX00880,2019-02-09,12:00,Chl-a,1.0,mg/l,2019-02-09,172.0,296.0,478.0,640.0,881.0,1312.0,1463.0,1539.0,1632.0,1592.0,1772.0,1170.0,POINT (-101.22189 21.027915)
68,MEX00880,2019-02-09,12:00,Chl-a,1.0,mg/l,2019-02-09,251.0,303.0,496.0,618.0,937.0,1412.0,1568.0,1640.0,1748.0,1678.0,1850.0,1199.0,POINT (-101.22189 21.027915)
69,MEX00881,2019-02-11,12:00,Chl-a,1.0,mg/l,2019-02-09,183.0,231.0,443.0,369.0,588.0,834.0,918.0,974.0,1013.0,1118.0,936.0,552.0,POINT (-101.2514 21.04857)
70,MEX00881,2019-02-11,12:00,Chl-a,1.0,mg/l,2019-02-09,232.0,339.0,612.0,373.0,342.0,265.0,280.0,240.0,273.0,501.0,318.0,195.0,POINT (-101.2514 21.04857)
71,MEX00882,2019-02-11,12:00,Chl-a,1.0,mg/l,2019-02-09,252.0,358.0,669.0,373.0,241.0,75.0,75.0,73.0,61.0,321.0,115.0,96.0,POINT (-101.255583 21.049857)
72,MEX00882,2019-02-11,12:00,Chl-a,1.0,mg/l,2019-02-09,225.0,381.0,682.0,385.0,290.0,121.0,135.0,90.0,95.0,330.0,116.0,102.0,POINT (-101.255583 21.049857)
73,MEX00883,2019-02-11,12:00,Chl-a,1.0,mg/l,2019-02-09,208.0,400.0,734.0,424.0,300.0,111.0,123.0,99.0,84.0,463.0,141.0,103.0,POINT (-101.253937 21.053659)
74,MEX00883,2019-02-11,12:00,Chl-a,1.0,mg/l,2019-02-09,238.0,422.0,753.0,443.0,325.0,140.0,152.0,127.0,106.0,513.0,151.0,107.0,POINT (-101.253937 21.053659)
75,MEX00899,2019-02-13,12:00,Chl-a,1.0,mg/l,2019-02-14,468.0,741.0,1072.0,734.0,566.0,214.0,232.0,167.0,136.0,29.0,143.0,161.0,POINT (-100.2973 21.1557)
76,MEX00900,2019-02-13,12:00,Chl-a,1.0,mg/l,2019-02-14,551.0,837.0,1140.0,932.0,854.0,547.0,554.0,531.0,542.0,474.0,727.0,679.0,POINT (-100.2993 21.1571)
77,MEX00901,2019-02-13,12:00,Chl-a,1.0,mg/l,2019-02-14,495.0,785.0,1124.0,816.0,651.0,279.0,290.0,224.0,184.0,306.0,210.0,216.0,POINT (-100.2941 21.1551)
78,MEX00904,2019-02-13,12:00,Chl-a,1.0,mg/l,2019-02-14,838.0,728.0,1018.0,775.0,778.0,616.0,617.0,501.0,586.0,2068.0,767.0,771.0,POINT (-100.3773 21.3531)
79,MEX00905,2019-02-13,12:00,Chl-a,14.0,mg/l,2019-02-14,343.0,569.0,826.0,464.0,357.0,148.0,145.0,105.0,90.0,62.0,82.0,120.0,POINT (-100.384 21.3592)
80,MEX00906,2019-02-13,12:00,Chl-a,1.0,mg/l,2019-02-14,308.0,506.0,735.0,424.0,331.0,126.0,126.0,97.0,84.0,186.0,104.0,104.0,POINT (-100.38885 21.36422)
81,MEX00907,2019-02-15,12:00,Chl-a,1.0,mg/l,2019-02-14,875.0,1214.0,1651.0,1874.0,1830.0,971.0,929.0,749.0,530.0,174.0,104.0,82.0,POINT (-100.8223 20.8466)
82,MEX00908,2019-02-15,12:00,Chl-a,1.0,mg/l,2019-02-14,874.0,1186.0,1596.0,1802.0,1826.0,991.0,961.0,773.0,551.0,137.0,70.0,61.0,POINT (-100.7913 20.8814)
83,MEX00909,2019-02-15,12:00,Chl-a,1.0,mg/l,2019-02-14,816.0,1125.0,1531.0,1714.0,1779.0,1038.0,1011.0,817.0,620.0,254.0,159.0,114.0,POINT (-100.80187 20.91636)
84,MEX00935,2019-03-06,12:00,Chl-a,108.0,mg/l,2019-03-06,676.0,945.0,1346.0,1291.0,1273.0,564.0,537.0,391.0,277.0,151.0,96.0,99.0,POINT (-100.66697 20.05221)
85,MEX00936,2019-03-06,12:00,Chl-a,34.0,mg/l,2019-03-06,623.0,926.0,1341.0,1315.0,1231.0,496.0,480.0,334.0,223.0,48.0,55.0,62.0,POINT (-100.63615 20.04113)
86,MEX00937,2019-03-06,12:00,Chl-a,81.0,mg/l,2019-03-06,638.0,914.0,1317.0,1225.0,1239.0,554.0,524.0,393.0,272.0,95.0,45.0,53.0,POINT (-100.63361 20.06526)
87,MEX00938,2019-03-06,12:00,Chl-a,136.0,mg/l,2019-03-06,650.0,951.0,1362.0,1333.0,1237.0,474.0,442.0,300.0,191.0,13.0,34.0,50.0,POINT (-100.61889 20.08571)
88,MEX00939,2019-03-05,12:00,Chl-a,152.0,mg/l,2019-03-06,539.0,793.0,1153.0,934.0,990.0,369.0,361.0,238.0,152.0,22.0,58.0,70.0,POINT (-100.57757 20.07576)
89,MEX00940,2019-03-05,12:00,Chl-a,102.0,mg/l,2019-03-06,477.0,710.0,1014.0,853.0,893.0,345.0,316.0,232.0,157.0,41.0,45.0,60.0,POINT (-100.54172 20.07873)
90,MEX00941,2019-03-05,12:00,Chl-a,139.0,mg/l,2019-03-06,494.0,723.0,1115.0,895.0,1026.0,420.0,392.0,286.0,186.0,40.0,33.0,39.0,POINT (-100.58251 20.05404)
91,MEX01039,2019-02-06,12:00,Chl-a,1.0,mg/l,2019-02-04,404.0,218.0,339.0,248.0,306.0,419.0,492.0,520.0,512.0,942.0,454.0,313.0,POINT (-102.180018 18.048371)
92,MEX01039,2019-02-06,12:00,Chl-a,1.0,mg/l,2019-02-04,417.0,221.0,338.0,245.0,310.0,419.0,485.0,512.0,505.0,1119.0,455.0,320.0,POINT (-102.180018 18.048371)
93,MEX01080,2019-02-20,12:00,Chl-a,1.0,mg/l,2019-02-21,143.0,223.0,461.0,248.0,190.0,31.0,52.0,34.0,40.0,117.0,128.0,128.0,POINT (-99.46386800000001 18.29656)
94,MEX01081,2019-02-20,12:00,Chl-a,38.0,mg/l,2019-02-21,313.0,475.0,712.0,830.0,1206.0,1700.0,1938.0,2038.0,2073.0,2312.0,2154.0,1526.0,POINT (-99.42946000000001 18.309162)
95,MEX01132,2019-02-13,12:00,Chl-a,194.0,mg/l,2019-02-11,285.0,433.0,667.0,552.0,1154.0,1218.0,1266.0,1165.0,1050.0,741.0,782.0,665.0,POINT (-99.31116 19.96261)
96,MEX01163,2019-02-08,12:00,Chl-a,1.0,mg/l,2019-02-06,401.0,389.0,555.0,553.0,686.0,750.0,843.0,770.0,842.0,1778.0,1043.0,864.0,POINT (-98.282207 20.028077)
97,MEX01174,2019-02-20,12:00,Chl-a,17.0,mg/l,2019-02-21,105.0,182.0,244.0,312.0,405.0,515.0,587.0,638.0,694.0,686.0,1178.0,860.0,POINT (-98.39118999999999 19.86899)
98,MEX01174,2019-02-20,12:00,Chl-a,17.0,mg/l,2019-02-21,62.0,136.0,205.0,274.0,370.0,467.0,537.0,585.0,636.0,677.0,1114.0,809.0,POINT (-98.39118999999999 19.86899)
99,MEX01175,2019-02-20,12:00,Chl-a,8.0,mg/l,2019-02-21,55.0,136.0,232.0,257.0,417.0,521.0,588.0,623.0,626.0,621.0,610.0,442.0,POINT (-98.39931 19.84471)
100,MEX01175,2019-02-20,12:00,Chl-a,8.0,mg/l,2019-02-21,20.0,66.0,137.0,192.0,299.0,400.0,459.0,487.0,517.0,629.0,724.0,534.0,POINT (-98.39931 19.84471)
101,MEX01179,2018-12-17,12:00,Chl-a,204.0,mg/l,2018-12-18,50.0,96.0,265.0,124.0,167.0,42.0,31.0,4.0,7.0,22.0,55.0,57.0,POINT (-98.75667 20.16492)
102,MEX01197,2019-02-15,12:00,Chl-a,1.0,mg/l,2019-02-16,357.0,513.0,873.0,683.0,722.0,258.0,268.0,206.0,146.0,42.0,48.0,26.0,POINT (-98.87022 20.68757)
103,MEX01198,2019-02-15,12:00,Chl-a,1.0,mg/l,2019-02-16,305.0,449.0,791.0,699.0,769.0,324.0,325.0,257.0,177.0,52.0,73.0,63.0,POINT (-98.86408 20.68176)
104,MEX01207,2019-02-12,12:00,Chl-a,11.0,mg/l,2019-02-11,299.0,395.0,402.0,221.0,244.0,195.0,234.0,186.0,175.0,695.0,272.0,198.0,POINT (-98.559989 20.221433)
105,MEX01226,2019-02-13,12:00,Chl-a,534.0,mg/l,2019-02-14,480.0,426.0,515.0,440.0,675.0,726.0,803.0,723.0,773.0,1275.0,722.0,513.0,POINT (-102.2226 17.94775)
106,MEX01233,2019-01-30,12:00,Chl-a,1.0,mg/l,2019-01-30,258.0,238.0,348.0,318.0,374.0,381.0,409.0,429.0,417.0,522.0,515.0,354.0,POINT (-102.19073 18.02432)
107,MEX01233,2019-01-30,12:00,Chl-a,1.0,mg/l,2019-01-30,305.0,274.0,374.0,335.0,407.0,415.0,439.0,455.0,442.0,878.0,525.0,369.0,POINT (-102.19073 18.02432)
108,MEX01235,2019-02-06,12:00,Chl-a,1.0,mg/l,2019-02-04,54.0,167.0,281.0,124.0,67.0,1.0,2.0,1.0,1.0,0.0,34.0,34.0,POINT (-102.18127 18.04874)
109,MEX01235,2019-02-06,12:00,Chl-a,1.0,mg/l,2019-02-04,61.0,169.0,280.0,120.0,65.0,1.0,1.0,1.0,1.0,1.0,32.0,34.0,POINT (-102.18127 18.04874)
110,MEX01240,2019-02-06,12:00,Chl-a,1.0,mg/l,2019-02-04,38.0,138.0,220.0,85.0,42.0,1.0,1.0,1.0,1.0,1.0,5.0,14.0,POINT (-102.181531 18.054795)
111,MEX01240,2019-02-06,12:00,Chl-a,1.0,mg/l,2019-02-04,46.0,141.0,220.0,82.0,40.0,1.0,1.0,1.0,1.0,1.0,3.0,14.0,POINT (-102.181531 18.054795)
112,MEX01257,2019-02-13,12:00,Chl-a,38.0,mg/l,2019-02-14,57.0,100.0,125.0,62.0,60.0,13.0,25.0,3.0,6.0,0.0,35.0,35.0,POINT (-101.85149 18.25658)
113,MEX01259,2019-02-13,12:00,Chl-a,137.0,mg/l,2019-02-14,81.0,133.0,198.0,83.0,80.0,20.0,33.0,21.0,24.0,24.0,42.0,51.0,POINT (-101.911028 18.433722)
114,MEX01303,2019-02-06,12:00,Chl-a,1.0,mg/l,2019-02-07,233.0,272.0,395.0,228.0,455.0,779.0,849.0,805.0,796.0,1354.0,379.0,211.0,POINT (-103.7019 18.65992)
115,MEX01303,2019-10-26,12:00,Chl-a,85.0,mg/l,2019-10-25,309.0,396.0,505.0,322.0,327.0,340.0,411.0,359.0,425.0,1245.0,300.0,161.0,POINT (-103.7019 18.65992)
116,MEX01304,2019-02-06,12:00,Chl-a,1.0,mg/l,2019-02-07,224.0,290.0,474.0,276.0,704.0,1472.0,1689.0,1630.0,1688.0,1941.0,682.0,326.0,POINT (-103.702 18.65839)
117,MEX01305,2019-02-06,12:00,Chl-a,1.0,mg/l,2019-02-07,351.0,449.0,673.0,558.0,1015.0,2165.0,2578.0,2699.0,2742.0,2560.0,1568.0,925.0,POINT (-103.70335 18.65686)
118,MEX01306,2019-02-06,12:00,Chl-a,1.0,mg/l,2019-02-07,249.0,382.0,657.0,493.0,1059.0,2077.0,2457.0,2553.0,2695.0,2811.0,1475.0,781.0,POINT (-103.70012 18.65393)
119,MEX01306,2019-10-26,12:00,Chl-a,1678.0,mg/l,2019-10-25,341.0,452.0,669.0,545.0,1098.0,2211.0,2632.0,2581.0,2931.0,3014.0,1670.0,908.0,POINT (-103.70012 18.65393)
120,MEX01337,2019-03-13,12:00,Chl-a,39.0,mg/l,2019-03-11,104.0,156.0,327.0,146.0,347.0,119.0,109.0,58.0,23.0,0.0,30.0,37.0,POINT (-101.73778 20.09815)
121,MEX01337,2019-03-13,12:00,Chl-a,39.0,mg/l,2019-03-11,89.0,127.0,298.0,121.0,322.0,89.0,81.0,30.0,3.0,0.0,15.0,36.0,POINT (-101.73778 20.09815)
122,MEX01339,2019-03-13,12:00,Chl-a,57.0,mg/l,2019-03-11,126.0,178.0,412.0,184.0,368.0,159.0,132.0,95.0,66.0,0.0,76.0,69.0,POINT (-101.725603 20.12715)
123,MEX01339,2019-03-13,12:00,Chl-a,57.0,mg/l,2019-03-11,108.0,161.0,393.0,153.0,337.0,123.0,92.0,59.0,28.0,4.0,59.0,65.0,POINT (-101.725603 20.12715)
124,MEX01347,2019-03-12,12:00,Chl-a,23.0,mg/l,2019-03-11,255.0,376.0,622.0,676.0,1036.0,1697.0,1816.0,1998.0,2008.0,1849.0,1816.0,1222.0,POINT (-101.77807 19.82565)
125,MEX01347,2019-03-12,12:00,Chl-a,23.0,mg/l,2019-03-11,98.0,164.0,410.0,382.0,749.0,1397.0,1534.0,1660.0,1684.0,1834.0,1244.0,810.0,POINT (-101.77807 19.82565)
126,MEX01347,2019-03-12,12:00,Chl-a,23.0,mg/l,2019-03-11,272.0,422.0,659.0,599.0,965.0,1633.0,1824.0,1938.0,1916.0,2060.0,1584.0,1112.0,POINT (-101.77807 19.82565)
127,MEX01347,2019-03-12,12:00,Chl-a,23.0,mg/l,2019-03-11,111.0,533.0,863.0,925.0,1395.0,2069.0,2387.0,2424.0,2570.0,1966.0,2428.0,1735.0,POINT (-101.77807 19.82565)
128,MEX01348,2019-03-12,12:00,Chl-a,23.0,mg/l,2019-03-11,193.0,144.0,267.0,149.0,234.0,168.0,196.0,165.0,196.0,953.0,250.0,189.0,POINT (-101.78477 19.82353)
129,MEX01348,2019-03-12,12:00,Chl-a,23.0,mg/l,2019-03-11,19.0,8.0,139.0,37.0,107.0,289.0,79.0,82.0,116.0,818.0,251.0,181.0,POINT (-101.78477 19.82353)
130,MEX01348,2019-03-12,12:00,Chl-a,23.0,mg/l,2019-03-11,174.0,196.0,348.0,267.0,426.0,574.0,632.0,615.0,659.0,866.0,618.0,388.0,POINT (-101.78477 19.82353)
131,MEX01348,2019-03-12,12:00,Chl-a,23.0,mg/l,2019-03-11,2.0,159.0,408.0,408.0,728.0,1253.0,1392.0,1447.0,1526.0,694.0,1126.0,679.0,POINT (-101.78477 19.82353)
132,MEX01349,2019-03-12,12:00,Chl-a,25.0,mg/l,2019-03-11,218.0,162.0,284.0,163.0,224.0,190.0,216.0,195.0,172.0,1401.0,260.0,189.0,POINT (-101.7894 19.82631)
133,MEX01349,2019-03-12,12:00,Chl-a,25.0,mg/l,2019-03-11,65.0,9.0,161.0,44.0,94.0,34.0,30.0,28.0,15.0,1299.0,163.0,139.0,POINT (-101.7894 19.82631)
134,MEX01349,2019-03-12,12:00,Chl-a,25.0,mg/l,2019-03-11,247.0,155.0,275.0,145.0,197.0,147.0,149.0,152.0,148.0,1412.0,211.0,167.0,POINT (-101.7894 19.82631)
135,MEX01349,2019-03-12,12:00,Chl-a,25.0,mg/l,2019-03-11,101.0,5.0,138.0,24.0,88.0,62.0,226.0,37.0,158.0,1294.0,265.0,194.0,POINT (-101.7894 19.82631)
136,MEX01350,2019-03-12,12:00,Chl-a,37.0,mg/l,2019-03-11,51.0,97.0,294.0,164.0,456.0,1151.0,1266.0,1329.0,1393.0,478.0,901.0,487.0,POINT (-101.76656 19.90702)
137,MEX01350,2019-03-12,12:00,Chl-a,37.0,mg/l,2019-03-11,74.0,59.0,200.0,62.0,178.0,345.0,555.0,395.0,483.0,1369.0,499.0,295.0,POINT (-101.76656 19.90702)
138,MEX01351,2019-03-12,12:00,Chl-a,43.0,mg/l,2019-03-11,26.0,54.0,158.0,17.0,40.0,1.0,2.0,1.0,1.0,153.0,109.0,93.0,POINT (-101.76713 19.90735)
139,MEX01351,2019-03-12,12:00,Chl-a,43.0,mg/l,2019-03-11,17.0,40.0,166.0,5.0,30.0,3.0,1.0,2.0,3.0,95.0,143.0,119.0,POINT (-101.76713 19.90735)
140,MEX01354,2019-03-05,12:00,Chl-a,21.0,mg/l,2019-03-06,594.0,806.0,1201.0,1130.0,1228.0,657.0,632.0,487.0,350.0,141.0,106.0,78.0,POINT (-101.61774 19.67497)
141,MEX01354,2019-03-05,12:00,Chl-a,21.0,mg/l,2019-03-06,584.0,787.0,1195.0,1112.0,1226.0,628.0,619.0,466.0,320.0,72.0,94.0,80.0,POINT (-101.61774 19.67497)
142,MEX01355,2019-03-05,12:00,Chl-a,94.0,mg/l,2019-03-06,520.0,780.0,1139.0,1148.0,1203.0,778.0,797.0,667.0,568.0,963.0,249.0,153.0,POINT (-101.60502 19.68046)
143,MEX01355,2019-03-05,12:00,Chl-a,94.0,mg/l,2019-03-06,548.0,791.0,1160.0,1169.0,1203.0,688.0,691.0,555.0,444.0,566.0,168.0,113.0,POINT (-101.60502 19.68046)
144,MEX01356,2019-03-05,12:00,Chl-a,19.0,mg/l,2019-03-06,585.0,806.0,1189.0,1198.0,1189.0,596.0,561.0,427.0,297.0,140.0,53.0,40.0,POINT (-101.60831 19.63981)
145,MEX01356,2019-03-05,12:00,Chl-a,19.0,mg/l,2019-03-06,564.0,796.0,1188.0,1188.0,1183.0,576.0,538.0,407.0,279.0,108.0,45.0,38.0,POINT (-101.60831 19.63981)
146,MEX01357,2019-03-05,12:00,Chl-a,19.0,mg/l,2019-03-06,475.0,611.0,909.0,942.0,1113.0,1052.0,1186.0,1081.0,1052.0,1062.0,505.0,336.0,POINT (-101.58716 19.6383)
147,MEX01357,2019-03-05,12:00,Chl-a,19.0,mg/l,2019-03-06,518.0,653.0,978.0,1029.0,1147.0,950.0,1011.0,941.0,851.0,539.0,376.0,264.0,POINT (-101.58716 19.6383)
148,MEX01358,2019-03-05,12:00,Chl-a,79.0,mg/l,2019-03-06,616.0,819.0,1190.0,1254.0,1252.0,688.0,667.0,527.0,399.0,208.0,102.0,79.0,POINT (-101.57868 19.64727)
149,MEX01358,2019-03-05,12:00,Chl-a,79.0,mg/l,2019-03-06,595.0,801.0,1187.0,1244.0,1245.0,681.0,656.0,513.0,387.0,190.0,93.0,78.0,POINT (-101.57868 19.64727)
150,MEX01359,2019-03-05,12:00,Chl-a,123.0,mg/l,2019-03-06,548.0,730.0,1075.0,1190.0,1267.0,766.0,746.0,588.0,463.0,210.0,123.0,110.0,POINT (-101.55167 19.6512)
151,MEX01359,2019-03-05,12:00,Chl-a,123.0,mg/l,2019-03-06,528.0,714.0,1068.0,1186.0,1247.0,738.0,719.0,554.0,423.0,168.0,115.0,104.0,POINT (-101.55167 19.6512)
152,MEX01360,2019-03-05,12:00,Chl-a,112.0,mg/l,2019-03-06,475.0,656.0,1031.0,731.0,1323.0,879.0,840.0,670.0,494.0,212.0,65.0,53.0,POINT (-101.58576 19.66582)
153,MEX01360,2019-03-05,12:00,Chl-a,112.0,mg/l,2019-03-06,415.0,609.0,996.0,679.0,1317.0,904.0,876.0,684.0,504.0,199.0,61.0,52.0,POINT (-101.58576 19.66582)
154,MEX01361,2019-03-05,12:00,Chl-a,135.0,mg/l,2019-03-06,547.0,856.0,1239.0,1224.0,1171.0,589.0,583.0,447.0,332.0,539.0,118.0,99.0,POINT (-101.63602 19.64891)
155,MEX01361,2019-03-05,12:00,Chl-a,135.0,mg/l,2019-03-06,583.0,848.0,1228.0,1225.0,1164.0,573.0,567.0,429.0,316.0,336.0,113.0,90.0,POINT (-101.63602 19.64891)
156,MEX01362,2019-03-06,12:00,Chl-a,35.0,mg/l,2019-03-06,468.0,670.0,966.0,968.0,1123.0,1150.0,1330.0,1277.0,1263.0,2032.0,704.0,417.0,POINT (-101.6563 19.63241)
157,MEX01362,2019-03-06,12:00,Chl-a,35.0,mg/l,2019-03-06,480.0,603.0,892.0,902.0,1135.0,1340.0,1554.0,1563.0,1579.0,1277.0,924.0,533.0,POINT (-101.6563 19.63241)
158,MEX01363,2019-03-06,12:00,Chl-a,21.0,mg/l,2019-03-06,667.0,891.0,1287.0,1290.0,1221.0,628.0,597.0,478.0,355.0,195.0,105.0,81.0,POINT (-101.64755 19.60226)
159,MEX01363,2019-03-06,12:00,Chl-a,21.0,mg/l,2019-03-06,629.0,887.0,1292.0,1296.0,1237.0,619.0,592.0,463.0,346.0,162.0,105.0,77.0,POINT (-101.64755 19.60226)
160,MEX01364,2019-03-06,12:00,Chl-a,86.0,mg/l,2019-03-06,597.0,837.0,1237.0,1195.0,1208.0,600.0,571.0,439.0,318.0,159.0,94.0,76.0,POINT (-101.63129 19.59165)
161,MEX01364,2019-03-06,12:00,Chl-a,86.0,mg/l,2019-03-06,578.0,833.0,1228.0,1183.0,1194.0,579.0,553.0,428.0,295.0,135.0,95.0,72.0,POINT (-101.63129 19.59165)
162,MEX01367,2019-03-06,12:00,Chl-a,59.0,mg/l,2019-03-06,616.0,853.0,1239.0,1140.0,1159.0,575.0,543.0,429.0,303.0,158.0,94.0,76.0,POINT (-101.68867 19.59046)
163,MEX01367,2019-03-06,12:00,Chl-a,59.0,mg/l,2019-03-06,603.0,851.0,1247.0,1141.0,1162.0,548.0,511.0,396.0,272.0,122.0,78.0,72.0,POINT (-101.68867 19.59046)
164,MEX01372,2019-03-07,12:00,Chl-a,47.0,mg/l,2019-03-06,288.0,477.0,918.0,331.0,341.0,191.0,207.0,159.0,141.0,155.0,144.0,116.0,POINT (-101.72353 19.44056)
165,MEX01372,2019-03-07,12:00,Chl-a,47.0,mg/l,2019-03-06,270.0,458.0,920.0,307.0,309.0,142.0,147.0,113.0,95.0,93.0,99.0,89.0,POINT (-101.72353 19.44056)
166,MEX01373,2019-03-07,12:00,Chl-a,45.0,mg/l,2019-03-06,311.0,482.0,880.0,377.0,426.0,265.0,262.0,221.0,201.0,701.0,200.0,155.0,POINT (-101.73332 19.44959)
167,MEX01373,2019-03-07,12:00,Chl-a,45.0,mg/l,2019-03-06,303.0,447.0,830.0,355.0,415.0,255.0,267.0,210.0,238.0,1200.0,203.0,148.0,POINT (-101.73332 19.44959)
168,MEX01374,2019-03-07,12:00,Chl-a,36.0,mg/l,2019-03-06,293.0,532.0,1100.0,363.0,391.0,246.0,263.0,196.0,197.0,755.0,225.0,140.0,POINT (-101.73962 19.45381)
169,MEX01374,2019-03-07,12:00,Chl-a,36.0,mg/l,2019-03-06,271.0,520.0,1119.0,336.0,346.0,164.0,180.0,131.0,125.0,606.0,167.0,114.0,POINT (-101.73962 19.45381)
170,MEX01377,2019-03-12,12:00,Chl-a,47.0,mg/l,2019-03-11,726.0,929.0,1404.0,1156.0,1147.0,568.0,548.0,443.0,406.0,318.0,312.0,273.0,POINT (-101.28352 19.60348)
171,MEX01377,2019-03-12,12:00,Chl-a,47.0,mg/l,2019-03-11,731.0,934.0,1407.0,1155.0,1146.0,556.0,532.0,429.0,388.0,313.0,310.0,271.0,POINT (-101.28352 19.60348)
172,MEX01410,2019-02-27,12:00,Chl-a,79.0,mg/l,2019-02-26,248.0,262.0,662.0,271.0,1028.0,1060.0,1032.0,857.0,660.0,195.0,130.0,122.0,POINT (-100.26426 20.03135)
173,MEX01411,2019-02-27,12:00,Chl-a,415.0,mg/l,2019-02-26,194.0,262.0,611.0,292.0,853.0,744.0,699.0,575.0,429.0,104.0,37.0,44.0,POINT (-100.24382 20.02403)
174,MEX01412,2019-02-27,12:00,Chl-a,88.0,mg/l,2019-02-26,384.0,505.0,790.0,746.0,702.0,255.0,239.0,175.0,111.0,44.0,74.0,73.0,POINT (-100.2285 20.00036)
175,MEX01415,2019-02-27,12:00,Chl-a,94.0,mg/l,2019-02-26,368.0,500.0,793.0,704.0,738.0,287.0,267.0,193.0,126.0,14.0,33.0,41.0,POINT (-100.21156 20.01147)
176,MEX01417,2019-02-26,12:00,Chl-a,242.0,mg/l,2019-02-24,239.0,376.0,514.0,566.0,534.0,214.0,208.0,148.0,114.0,19.0,81.0,90.0,POINT (-100.19621 20.0512)
177,MEX01417,2019-02-26,12:00,Chl-a,242.0,mg/l,2019-02-26,169.0,235.0,380.0,444.0,424.0,134.0,133.0,82.0,36.0,1.0,44.0,54.0,POINT (-100.19621 20.0512)
178,MEX01418,2019-02-26,12:00,Chl-a,50.0,mg/l,2019-02-24,341.0,454.0,626.0,556.0,726.0,449.0,445.0,339.0,293.0,176.0,206.0,204.0,POINT (-100.21207 20.05604)
179,MEX01418,2019-02-26,12:00,Chl-a,50.0,mg/l,2019-02-26,183.0,229.0,359.0,417.0,412.0,150.0,140.0,94.0,62.0,1.0,44.0,56.0,POINT (-100.21207 20.05604)
180,MEX01419,2019-02-26,12:00,Chl-a,54.0,mg/l,2019-02-24,563.0,691.0,834.0,853.0,909.0,673.0,673.0,649.0,594.0,758.0,654.0,648.0,POINT (-100.21818 20.05321)
181,MEX01419,2019-02-26,12:00,Chl-a,54.0,mg/l,2019-02-26,182.0,233.0,375.0,414.0,436.0,167.0,157.0,108.0,65.0,1.0,18.0,25.0,POINT (-100.21818 20.05321)
182,MEX01421,2019-02-26,12:00,Chl-a,107.0,mg/l,2019-02-24,462.0,690.0,962.0,1015.0,943.0,382.0,363.0,264.0,165.0,27.0,68.0,84.0,POINT (-100.24456 20.08398)
183,MEX01421,2019-02-26,12:00,Chl-a,107.0,mg/l,2019-02-26,426.0,569.0,849.0,895.0,836.0,313.0,299.0,218.0,134.0,4.0,59.0,76.0,POINT (-100.24456 20.08398)
184,MEX01422,2019-02-26,12:00,Chl-a,283.0,mg/l,2019-02-24,536.0,743.0,1052.0,858.0,1089.0,560.0,537.0,421.0,305.0,115.0,159.0,152.0,POINT (-100.24848 20.09001)
185,MEX01422,2019-02-26,12:00,Chl-a,283.0,mg/l,2019-02-26,429.0,550.0,858.0,780.0,888.0,362.0,347.0,250.0,148.0,3.0,44.0,49.0,POINT (-100.24848 20.09001)
186,MEX01423,2019-02-26,12:00,Chl-a,95.0,mg/l,2019-02-24,363.0,507.0,656.0,666.0,629.0,260.0,263.0,183.0,129.0,49.0,66.0,82.0,POINT (-100.2681 20.06859)
187,MEX01423,2019-02-26,12:00,Chl-a,95.0,mg/l,2019-02-26,438.0,566.0,871.0,745.0,868.0,356.0,338.0,241.0,141.0,1.0,42.0,46.0,POINT (-100.2681 20.06859)
188,MEX01424,2019-02-26,12:00,Chl-a,350.0,mg/l,2019-02-24,1528.0,1695.0,2029.0,2210.0,2301.0,2070.0,2138.0,2089.0,2136.0,2194.0,2680.0,2486.0,POINT (-100.27539 20.083378)
189,MEX01424,2019-02-26,12:00,Chl-a,350.0,mg/l,2019-02-26,387.0,506.0,856.0,599.0,971.0,524.0,509.0,379.0,249.0,24.0,43.0,30.0,POINT (-100.27539 20.083378)
190,MEX01431,2019-03-14,12:00,Chl-a,23.0,mg/l,2019-03-13,182.0,243.0,359.0,175.0,169.0,100.0,106.0,80.0,73.0,76.0,66.0,58.0,POINT (-100.39923 19.39097)
191,MEX01432,2019-03-14,12:00,Chl-a,28.0,mg/l,2019-03-13,195.0,274.0,385.0,188.0,184.0,104.0,113.0,86.0,74.0,43.0,38.0,29.0,POINT (-100.413179 19.393007)
192,MEX01433,2019-03-14,12:00,Chl-a,31.0,mg/l,2019-03-13,184.0,249.0,362.0,188.0,198.0,127.0,136.0,101.0,106.0,53.0,112.0,85.0,POINT (-100.42111 19.38807)
193,MEX01438,2019-02-25,12:00,Chl-a,13.0,mg/l,2019-02-24,40.0,73.0,114.0,46.0,78.0,52.0,81.0,49.0,78.0,361.0,242.0,165.0,POINT (-101.253361 19.530111)
194,MEX01438,2019-02-25,12:00,Chl-a,13.0,mg/l,2019-02-24,193.0,260.0,424.0,427.0,634.0,950.0,1084.0,1183.0,1246.0,1819.0,1354.0,936.0,POINT (-101.253361 19.530111)
195,MEX01439,2019-02-25,12:00,Chl-a,9.0,mg/l,2019-02-24,10.0,55.0,104.0,32.0,51.0,32.0,19.0,25.0,33.0,973.0,123.0,69.0,POINT (-101.2478 19.525783)
196,MEX01439,2019-02-25,12:00,Chl-a,9.0,mg/l,2019-02-24,20.0,66.0,114.0,38.0,59.0,48.0,45.0,37.0,46.0,1086.0,145.0,76.0,POINT (-101.2478 19.525783)
197,MEX01442,2019-03-11,12:00,Chl-a,68.0,mg/l,2019-03-11,105.0,179.0,373.0,261.0,377.0,149.0,151.0,128.0,112.0,532.0,103.0,88.0,POINT (-101.08208 19.95703)
198,MEX01443,2019-03-11,12:00,Chl-a,119.0,mg/l,2019-03-11,400.0,372.0,544.0,609.0,765.0,935.0,1046.0,1062.0,1177.0,775.0,1065.0,761.0,POINT (-101.13985 19.92565)
199,MEX01443,2019-03-11,12:00,Chl-a,119.0,mg/l,2019-03-11,417.0,356.0,545.0,616.0,815.0,1240.0,1297.0,1426.0,1493.0,825.0,1195.0,837.0,POINT (-101.13985 19.92565)
200,MEX01455,2019-03-11,12:00,Chl-a,13.0,mg/l,2019-03-11,567.0,757.0,1107.0,1362.0,1658.0,2097.0,2229.0,2308.0,2414.0,2244.0,2520.0,1957.0,POINT (-100.878919 19.835361)
201,MEX01455,2019-03-11,12:00,Chl-a,13.0,mg/l,2019-03-11,470.0,784.0,1171.0,1469.0,1764.0,2188.0,2327.0,2377.0,2478.0,2274.0,2568.0,2029.0,POINT (-100.878919 19.835361)
202,MEX01455,2019-03-11,12:00,Chl-a,13.0,mg/l,2019-03-11,587.0,735.0,1013.0,1221.0,1500.0,1679.0,1859.0,1807.0,1901.0,2254.0,2127.0,1714.0,POINT (-100.878919 19.835361)
203,MEX01455,2019-03-11,12:00,Chl-a,13.0,mg/l,2019-03-11,538.0,805.0,1117.0,1327.0,1636.0,1791.0,1937.0,2022.0,2175.0,2266.0,2187.0,1776.0,POINT (-100.878919 19.835361)
204,MEX01475,2019-06-17,12:00,Chl-a,551.0,mg/l,2019-06-17,442.0,520.0,649.0,568.0,733.0,587.0,637.0,522.0,586.0,565.0,778.0,656.0,POINT (-104.23697 21.19246)
205,MEX01476,2019-06-17,12:00,Chl-a,344.0,mg/l,2019-06-17,625.0,606.0,752.0,481.0,795.0,516.0,514.0,403.0,375.0,564.0,190.0,122.0,POINT (-104.08057 21.18759)
206,MEX01477,2019-01-24,12:00,Chl-a,1.0,mg/l,2019-01-23,81.0,79.0,117.0,73.0,65.0,34.0,27.0,26.0,21.0,0.0,15.0,19.0,POINT (-104.63705 21.69157)
207,MEX01477,2019-01-24,12:00,Chl-a,1.0,mg/l,2019-01-23,93.0,92.0,124.0,81.0,74.0,49.0,39.0,39.0,39.0,1.0,21.0,22.0,POINT (-104.63705 21.69157)
208,MEX01477,2019-06-13,12:00,Chl-a,297.0,mg/l,2019-06-12,264.0,232.0,285.0,187.0,203.0,124.0,112.0,85.0,91.0,0.0,57.0,52.0,POINT (-104.63705 21.69157)
209,MEX01477,2019-06-13,12:00,Chl-a,297.0,mg/l,2019-06-12,364.0,308.0,342.0,240.0,257.0,175.0,167.0,136.0,140.0,64.0,77.0,63.0,POINT (-104.63705 21.69157)
210,MEX01478,2019-01-23,12:00,Chl-a,1.0,mg/l,2019-01-23,112.0,150.0,303.0,263.0,208.0,56.0,55.0,37.0,30.0,0.0,17.0,15.0,POINT (-104.42236 21.40928)
211,MEX01479,2019-01-23,12:00,Chl-a,1.0,mg/l,2019-01-23,145.0,194.0,374.0,321.0,230.0,67.0,69.0,56.0,36.0,0.0,23.0,21.0,POINT (-104.43808 21.42505)
212,MEX01480,2019-01-23,12:00,Chl-a,1.0,mg/l,2019-01-23,88.0,118.0,238.0,204.0,142.0,14.0,11.0,8.0,3.0,2.0,19.0,24.0,POINT (-104.44971 21.42987)
213,MEX01481,2019-01-23,12:00,Chl-a,1.0,mg/l,2019-01-23,239.0,213.0,343.0,326.0,418.0,561.0,651.0,603.0,720.0,972.0,780.0,516.0,POINT (-104.46196 21.42495)
214,MEX01482,2019-01-23,12:00,Chl-a,1.0,mg/l,2019-01-23,173.0,297.0,594.0,496.0,410.0,150.0,183.0,154.0,122.0,72.0,103.0,77.0,POINT (-104.43243 21.43233)
215,MEX01498,2019-02-04,12:00,Chl-a,1.0,mg/l,2019-02-02,271.0,201.0,363.0,335.0,616.0,1086.0,1271.0,1384.0,1478.0,1852.0,1088.0,726.0,POINT (-104.8133 21.51799)
216,MEX01498,2019-06-12,12:00,Chl-a,33.0,mg/l,2019-06-10,618.0,596.0,766.0,720.0,1115.0,1519.0,1712.0,1731.0,1810.0,2137.0,1373.0,1002.0,POINT (-104.8133 21.51799)
217,MEX01498,2019-06-12,12:00,Chl-a,33.0,mg/l,2019-06-12,441.0,299.0,525.0,430.0,932.0,1470.0,1653.0,1700.0,1866.0,2459.0,1258.0,865.0,POINT (-104.8133 21.51799)
218,MEX01502,2019-01-24,12:00,Chl-a,1.0,mg/l,2019-01-23,264.0,342.0,560.0,355.0,244.0,81.0,84.0,64.0,51.0,0.0,46.0,46.0,POINT (-104.79137 21.8406)
219,MEX01502,2019-06-13,12:00,Chl-a,100.0,mg/l,2019-06-12,476.0,423.0,418.0,342.0,344.0,296.0,285.0,258.0,259.0,80.0,255.0,214.0,POINT (-104.79137 21.8406)
220,MEX01502,2019-06-13,12:00,Chl-a,100.0,mg/l,2019-06-12,401.0,355.0,359.0,282.0,283.0,223.0,208.0,186.0,183.0,59.0,232.0,209.0,POINT (-104.79137 21.8406)
221,MEX01503,2019-01-24,12:00,Chl-a,1.0,mg/l,2019-01-23,225.0,251.0,426.0,244.0,222.0,76.0,86.0,67.0,53.0,0.0,24.0,31.0,POINT (-104.75009 21.87217)
222,MEX01503,2019-06-13,12:00,Chl-a,242.0,mg/l,2019-06-12,494.0,454.0,481.0,400.0,412.0,342.0,331.0,307.0,332.0,131.0,261.0,216.0,POINT (-104.75009 21.87217)
223,MEX01503,2019-06-13,12:00,Chl-a,242.0,mg/l,2019-06-12,427.0,397.0,436.0,360.0,375.0,298.0,285.0,265.0,291.0,130.0,251.0,216.0,POINT (-104.75009 21.87217)
224,MEX01504,2019-01-24,12:00,Chl-a,23.0,mg/l,2019-01-23,220.0,247.0,421.0,236.0,215.0,75.0,84.0,66.0,49.0,0.0,39.0,29.0,POINT (-104.75163 21.87793)
225,MEX01504,2019-06-13,12:00,Chl-a,507.0,mg/l,2019-06-12,454.0,413.0,445.0,358.0,368.0,280.0,282.0,247.0,262.0,94.0,221.0,161.0,POINT (-104.75163 21.87793)
226,MEX01504,2019-06-13,12:00,Chl-a,507.0,mg/l,2019-06-12,380.0,348.0,394.0,309.0,322.0,223.0,223.0,194.0,208.0,80.0,206.0,158.0,POINT (-104.75163 21.87793)
227,MEX01505,2019-01-24,12:00,Chl-a,1.0,mg/l,2019-01-23,194.0,211.0,373.0,200.0,182.0,60.0,69.0,42.0,28.0,1.0,30.0,21.0,POINT (-104.75679 21.8869)
228,MEX01505,2019-06-13,12:00,Chl-a,289.0,mg/l,2019-06-12,405.0,341.0,370.0,271.0,280.0,189.0,180.0,158.0,155.0,21.0,125.0,99.0,POINT (-104.75679 21.8869)
229,MEX01505,2019-06-13,12:00,Chl-a,289.0,mg/l,2019-06-12,319.0,263.0,304.0,207.0,215.0,113.0,101.0,87.0,84.0,1.0,100.0,90.0,POINT (-104.75679 21.8869)
230,MEX01506,2019-01-24,12:00,Chl-a,1.0,mg/l,2019-01-23,236.0,288.0,472.0,296.0,216.0,95.0,99.0,73.0,70.0,2.0,54.0,38.0,POINT (-104.7436 21.85078)
231,MEX01506,2019-06-13,12:00,Chl-a,109.0,mg/l,2019-06-12,557.0,504.0,539.0,487.0,503.0,452.0,443.0,409.0,441.0,222.0,407.0,334.0,POINT (-104.7436 21.85078)
232,MEX01506,2019-06-13,12:00,Chl-a,109.0,mg/l,2019-06-12,494.0,449.0,496.0,449.0,473.0,413.0,401.0,372.0,405.0,253.0,399.0,337.0,POINT (-104.7436 21.85078)
233,MEX01507,2019-01-24,12:00,Chl-a,1.0,mg/l,2019-01-23,182.0,202.0,359.0,208.0,162.0,55.0,63.0,38.0,42.0,1.0,30.0,40.0,POINT (-104.71751 21.83795)
234,MEX01507,2019-06-13,12:00,Chl-a,152.0,mg/l,2019-06-12,527.0,483.0,509.0,441.0,442.0,394.0,385.0,336.0,374.0,139.0,345.0,306.0,POINT (-104.71751 21.83795)
235,MEX01507,2019-06-13,12:00,Chl-a,152.0,mg/l,2019-06-12,452.0,417.0,454.0,385.0,390.0,332.0,318.0,274.0,313.0,139.0,325.0,304.0,POINT (-104.71751 21.83795)
236,MEX01508,2019-01-24,12:00,Chl-a,1.0,mg/l,2019-01-23,176.0,206.0,358.0,211.0,163.0,61.0,73.0,62.0,64.0,0.0,73.0,48.0,POINT (-104.71246 21.85169)
237,MEX01508,2019-06-13,12:00,Chl-a,62.0,mg/l,2019-06-12,548.0,506.0,538.0,458.0,467.0,417.0,418.0,378.0,409.0,163.0,408.0,347.0,POINT (-104.71246 21.85169)
238,MEX01508,2019-06-13,12:00,Chl-a,62.0,mg/l,2019-06-12,476.0,440.0,483.0,401.0,415.0,354.0,352.0,316.0,347.0,169.0,389.0,347.0,POINT (-104.71246 21.85169)
239,MEX01546,2019-02-14,12:00,Chl-a,1.0,mg/l,2019-02-15,125.0,154.0,300.0,199.0,500.0,1460.0,1802.0,1757.0,1947.0,1778.0,983.0,461.0,POINT (-105.20662 21.52829)
240,MEX01546,2019-06-19,12:00,Chl-a,610.0,mg/l,2019-06-20,595.0,693.0,873.0,705.0,1120.0,2276.0,2725.0,2672.0,2896.0,2483.0,1663.0,1013.0,POINT (-105.20662 21.52829)
241,MEX01548,2019-02-01,12:00,Chl-a,142.0,mg/l,2019-02-02,46.0,103.0,319.0,181.0,287.0,55.0,51.0,39.0,21.0,15.0,48.0,60.0,POINT (-104.73859 21.21276)
242,MEX01548,2019-06-18,12:00,Chl-a,1118.0,mg/l,2019-06-17,4796.0,6393.0,5812.0,5436.0,5811.0,5559.0,5532.0,6064.0,5569.0,9553.0,5851.0,4461.0,POINT (-104.73859 21.21276)
243,MEX01549,2019-02-01,12:00,Chl-a,95.0,mg/l,2019-02-02,63.0,119.0,331.0,192.0,299.0,64.0,61.0,39.0,12.0,1.0,2.0,20.0,POINT (-104.73335 21.20614)
244,MEX01549,2019-06-18,12:00,Chl-a,876.0,mg/l,2019-06-17,8642.0,8287.0,7936.0,7763.0,8392.0,8054.0,7928.0,7707.0,7818.0,15929.0,8049.0,6241.0,POINT (-104.73335 21.20614)
245,MEX01551,2019-02-04,12:00,Chl-a,1.0,mg/l,2019-02-02,66.0,48.0,89.0,38.0,20.0,5.0,17.0,13.0,16.0,3.0,41.0,32.0,POINT (-104.57044 21.36276)
246,MEX01551,2019-06-12,12:00,Chl-a,5.0,mg/l,2019-06-12,341.0,300.0,298.0,115.0,111.0,71.0,72.0,29.0,26.0,16.0,98.0,95.0,POINT (-104.57044 21.36276)
247,MEX01554,2019-02-04,12:00,Chl-a,1.0,mg/l,2019-02-02,42.0,58.0,98.0,43.0,38.0,8.0,11.0,9.0,12.0,0.0,26.0,14.0,POINT (-104.57626 21.37075)
248,MEX01555,2019-02-04,12:00,Chl-a,1.0,mg/l,2019-02-02,54.0,37.0,90.0,38.0,32.0,20.0,21.0,22.0,14.0,3.0,53.0,40.0,POINT (-104.5611 21.373)
249,MEX01561,2019-01-22,12:00,Chl-a,730.0,mg/l,2019-01-21,1.0,132.0,471.0,211.0,471.0,139.0,155.0,108.0,67.0,1.0,80.0,66.0,POINT (-105.10889 22.03653)
250,MEX01561,2019-06-10,12:00,Chl-a,154.0,mg/l,2019-06-10,1505.0,1928.0,2252.0,2130.0,2311.0,1996.0,2017.0,2057.0,1915.0,1642.0,2072.0,1840.0,POINT (-105.10889 22.03653)
251,MEX01562,2019-01-22,12:00,Chl-a,176.0,mg/l,2019-01-21,49.0,141.0,456.0,211.0,464.0,173.0,187.0,142.0,146.0,1763.0,163.0,132.0,POINT (-105.11051 22.03605)
252,MEX01562,2019-06-10,12:00,Chl-a,107.0,mg/l,2019-06-10,721.0,1530.0,1821.0,1726.0,1926.0,1612.0,1678.0,1653.0,1644.0,2524.0,1786.0,1574.0,POINT (-105.11051 22.03605)
253,MEX01563,2019-01-22,12:00,Chl-a,253.0,mg/l,2019-01-21,131.0,252.0,531.0,411.0,738.0,806.0,915.0,946.0,973.0,1724.0,1175.0,882.0,POINT (-105.10872 22.03943)
254,MEX01563,2019-06-10,12:00,Chl-a,141.0,mg/l,2019-06-10,1036.0,1978.0,2343.0,2351.0,2574.0,2387.0,2474.0,2496.0,2535.0,2224.0,2784.0,2381.0,POINT (-105.10872 22.03943)
255,MEX01564,2019-01-22,12:00,Chl-a,511.0,mg/l,2019-01-21,1.0,160.0,479.0,221.0,459.0,149.0,167.0,127.0,98.0,9.0,90.0,68.0,POINT (-105.11143 22.04187)
256,MEX01564,2019-06-10,12:00,Chl-a,83.0,mg/l,2019-06-10,1249.0,760.0,984.0,806.0,932.0,711.0,716.0,694.0,655.0,1531.0,855.0,740.0,POINT (-105.11143 22.04187)
257,MEX01565,2019-01-22,12:00,Chl-a,238.0,mg/l,2019-01-21,45.0,162.0,429.0,252.0,513.0,348.0,413.0,372.0,398.0,960.0,653.0,438.0,POINT (-105.11107 22.04343)
258,MEX01565,2019-06-10,12:00,Chl-a,19.0,mg/l,2019-06-10,889.0,1521.0,1780.0,1773.0,1998.0,1823.0,1878.0,2005.0,1865.0,2138.0,2330.0,1920.0,POINT (-105.11107 22.04343)
259,MEX01594,2019-02-05,12:00,Chl-a,30.0,mg/l,2019-02-06,148.0,239.0,463.0,259.0,321.0,139.0,129.0,107.0,108.0,98.0,127.0,83.0,POINT (-98.02922 20.20803)
260,MEX01594,2019-02-05,12:00,Chl-a,30.0,mg/l,2019-02-06,171.0,271.0,477.0,271.0,369.0,166.0,164.0,147.0,129.0,211.0,204.0,143.0,POINT (-98.02922 20.20803)
261,MEX01595,2019-02-05,12:00,Chl-a,5.0,mg/l,2019-02-06,174.0,289.0,588.0,278.0,502.0,384.0,365.0,313.0,305.0,479.0,228.0,138.0,POINT (-98.00201 20.21638)
262,MEX01595,2019-02-05,12:00,Chl-a,5.0,mg/l,2019-02-06,196.0,336.0,644.0,310.0,649.0,570.0,536.0,495.0,509.0,818.0,346.0,217.0,POINT (-98.00201 20.21638)
263,MEX01596,2019-02-05,12:00,Chl-a,11.0,mg/l,2019-02-06,127.0,184.0,388.0,176.0,268.0,105.0,104.0,76.0,79.0,3.0,91.0,75.0,POINT (-97.991 20.20135)
264,MEX01596,2019-02-05,12:00,Chl-a,11.0,mg/l,2019-02-06,146.0,189.0,375.0,153.0,251.0,70.0,53.0,35.0,38.0,31.0,82.0,78.0,POINT (-97.991 20.20135)
265,MEX01597,2019-02-05,12:00,Chl-a,13.0,mg/l,2019-02-06,84.0,156.0,360.0,152.0,233.0,70.0,76.0,51.0,47.0,10.0,88.0,82.0,POINT (-97.98348 20.19739)
266,MEX01597,2019-02-05,12:00,Chl-a,13.0,mg/l,2019-02-06,101.0,153.0,348.0,130.0,218.0,21.0,26.0,8.0,3.0,71.0,73.0,79.0,POINT (-97.98348 20.19739)
267,MEX01598,2019-02-05,12:00,Chl-a,5.0,mg/l,2019-02-06,109.0,179.0,425.0,190.0,300.0,148.0,138.0,105.0,103.0,73.0,165.0,121.0,POINT (-97.98532 20.194)
268,MEX01598,2019-02-05,12:00,Chl-a,5.0,mg/l,2019-02-06,129.0,199.0,440.0,178.0,267.0,78.0,85.0,53.0,65.0,174.0,138.0,106.0,POINT (-97.98532 20.194)
269,MEX01599,2019-02-05,12:00,Chl-a,17.0,mg/l,2019-02-06,150.0,193.0,356.0,277.0,581.0,1377.0,1664.0,1689.0,1766.0,1783.0,965.0,502.0,POINT (-97.99293 20.17118)
270,MEX01599,2019-02-05,12:00,Chl-a,17.0,mg/l,2019-02-06,174.0,195.0,365.0,276.0,670.0,1899.0,2305.0,2378.0,2518.0,2016.0,1210.0,603.0,POINT (-97.99293 20.17118)
271,MEX01652,2019-03-08,12:00,Chl-a,524.0,mg/l,2019-03-08,339.0,727.0,1044.0,1231.0,1591.0,2292.0,2588.0,2759.0,2879.0,3282.0,2675.0,1816.0,POINT (-98.19186999999999 18.92408)
272,MEX01652,2019-03-08,12:00,Chl-a,524.0,mg/l,2019-03-08,296.0,851.0,1179.0,1476.0,1777.0,2275.0,2499.0,2624.0,2811.0,3327.0,3169.0,2182.0,POINT (-98.19186999999999 18.92408)
273,MEX01658,2019-02-06,12:00,Chl-a,40.0,mg/l,2019-02-06,180.0,215.0,412.0,304.0,739.0,2101.0,2577.0,2743.0,2930.0,2926.0,1251.0,627.0,POINT (-98.18208 18.91068)
274,MEX01658,2019-02-06,12:00,Chl-a,40.0,mg/l,2019-02-06,183.0,217.0,416.0,312.0,760.0,2106.0,2583.0,2763.0,2949.0,2925.0,1252.0,629.0,POINT (-98.18208 18.91068)
275,MEX01660,2019-02-06,12:00,Chl-a,46.0,mg/l,2019-02-06,116.0,121.0,158.0,123.0,186.0,133.0,134.0,109.0,96.0,105.0,76.0,67.0,POINT (-98.16672 18.90425)
276,MEX01660,2019-02-06,12:00,Chl-a,46.0,mg/l,2019-02-06,168.0,135.0,178.0,140.0,195.0,153.0,156.0,126.0,118.0,75.0,76.0,69.0,POINT (-98.16672 18.90425)
277,MEX01663,2019-02-06,12:00,Chl-a,95.0,mg/l,2019-02-06,308.0,712.0,877.0,1024.0,1211.0,1338.0,1320.0,1313.0,1378.0,801.0,1545.0,1314.0,POINT (-98.10851 18.91253)
278,MEX01663,2019-02-06,12:00,Chl-a,95.0,mg/l,2019-02-06,303.0,521.0,659.0,756.0,914.0,1032.0,1092.0,1041.0,1099.0,552.0,1226.0,1027.0,POINT (-98.10851 18.91253)
279,MEX01702,2019-03-11,12:00,Chl-a,81.0,mg/l,2019-03-11,323.0,389.0,510.0,450.0,583.0,403.0,410.0,359.0,341.0,254.0,345.0,331.0,POINT (-100.03107 20.8263)
280,MEX01721,2019-03-08,12:00,Chl-a,286.0,mg/l,2019-03-06,198.0,389.0,803.0,390.0,1307.0,1068.0,1022.0,771.0,548.0,60.0,105.0,108.0,POINT (-99.89896 20.50872)
281,MEX01721,2019-03-08,12:00,Chl-a,286.0,mg/l,2019-03-06,416.0,548.0,890.0,502.0,1340.0,1127.0,1087.0,843.0,644.0,176.0,146.0,128.0,POINT (-99.89896 20.50872)
282,MEX01721,2019-03-08,12:00,Chl-a,286.0,mg/l,2019-03-08,194.0,281.0,646.0,277.0,1100.0,941.0,931.0,700.0,474.0,30.0,86.0,103.0,POINT (-99.89896 20.50872)
283,MEX01721,2019-03-08,12:00,Chl-a,286.0,mg/l,2019-03-08,325.0,381.0,706.0,349.0,1127.0,980.0,972.0,751.0,533.0,85.0,110.0,114.0,POINT (-99.89896 20.50872)
284,MEX01727,2018-12-17,12:00,Chl-a,143.0,mg/l,2018-12-18,102.0,123.0,297.0,150.0,192.0,87.0,80.0,33.0,42.0,245.0,94.0,92.0,POINT (-98.75572200000001 20.166944)
285,MEX01730,2018-12-20,12:00,Chl-a,81.0,mg/l,2018-12-18,218.0,273.0,561.0,433.0,931.0,2225.0,2608.0,2667.0,2893.0,2495.0,1743.0,1005.0,POINT (-99.48436 21.18609)
286,MEX01730,2019-02-26,12:00,Chl-a,1.0,mg/l,2019-02-26,327.0,303.0,605.0,455.0,1029.0,1954.0,2226.0,2304.0,2462.0,2328.0,1916.0,1112.0,POINT (-99.48436 21.18609)
287,MEX01731,2018-12-20,12:00,Chl-a,47.0,mg/l,2018-12-18,162.0,229.0,426.0,195.0,192.0,110.0,113.0,102.0,93.0,40.0,119.0,83.0,POINT (-99.47543 21.19486)
288,MEX01731,2019-02-26,12:00,Chl-a,1.0,mg/l,2019-02-26,160.0,197.0,351.0,119.0,108.0,59.0,75.0,76.0,61.0,102.0,135.0,105.0,POINT (-99.47543 21.19486)
289,MEX01732,2018-12-20,12:00,Chl-a,78.0,mg/l,2018-12-18,146.0,175.0,309.0,144.0,136.0,57.0,59.0,40.0,55.0,56.0,94.0,65.0,POINT (-99.47539 21.19783)
290,MEX01732,2019-02-26,12:00,Chl-a,1.0,mg/l,2019-02-26,185.0,173.0,308.0,99.0,89.0,50.0,59.0,46.0,44.0,151.0,93.0,70.0,POINT (-99.47539 21.19783)
291,MEX01733,2018-12-20,12:00,Chl-a,75.0,mg/l,2018-12-18,226.0,213.0,390.0,291.0,492.0,814.0,940.0,926.0,1016.0,1186.0,959.0,598.0,POINT (-99.47599 21.19994)
292,MEX01733,2019-02-26,12:00,Chl-a,1.0,mg/l,2019-02-26,375.0,336.0,534.0,438.0,554.0,690.0,777.0,803.0,854.0,1108.0,1170.0,805.0,POINT (-99.47599 21.19994)
293,MEX01734,2018-12-20,12:00,Chl-a,23.0,mg/l,2018-12-18,100.0,112.0,218.0,93.0,96.0,27.0,35.0,14.0,17.0,0.0,77.0,59.0,POINT (-99.47481999999999 21.20343)
294,MEX01734,2019-02-26,12:00,Chl-a,1.0,mg/l,2019-02-26,142.0,155.0,264.0,81.0,61.0,35.0,52.0,36.0,35.0,23.0,88.0,72.0,POINT (-99.47481999999999 21.20343)
295,MEX01735,2018-12-20,12:00,Chl-a,87.0,mg/l,2018-12-18,252.0,158.0,307.0,216.0,285.0,309.0,358.0,284.0,346.0,880.0,488.0,398.0,POINT (-99.47252 21.20632)
296,MEX01735,2019-02-26,12:00,Chl-a,1.0,mg/l,2019-02-26,443.0,290.0,458.0,335.0,414.0,431.0,465.0,421.0,529.0,1003.0,706.0,593.0,POINT (-99.47252 21.20632)
297,MEX01736,2018-12-20,12:00,Chl-a,41.0,mg/l,2018-12-18,487.0,629.0,988.0,1007.0,1592.0,2078.0,2288.0,2358.0,2634.0,2674.0,2653.0,2050.0,POINT (-99.47091 21.20601)
298,MEX01736,2019-02-26,12:00,Chl-a,1.0,mg/l,2019-02-26,762.0,1186.0,1615.0,1754.0,2220.0,2413.0,2611.0,2756.0,2997.0,2400.0,3458.0,2870.0,POINT (-99.47091 21.20601)
299,MEX01737,2018-12-20,12:00,Chl-a,52.0,mg/l,2018-12-18,148.0,190.0,404.0,260.0,471.0,811.0,923.0,941.0,985.0,263.0,823.0,478.0,POINT (-99.4713 21.20477)
300,MEX01737,2019-02-26,12:00,Chl-a,1.0,mg/l,2019-02-26,319.0,647.0,994.0,1052.0,1286.0,1449.0,1642.0,1677.0,1782.0,701.0,2295.0,1692.0,POINT (-99.4713 21.20477)
301,MEX01738,2018-12-20,12:00,Chl-a,47.0,mg/l,2018-12-18,157.0,141.0,256.0,128.0,142.0,138.0,143.0,124.0,113.0,502.0,177.0,117.0,POINT (-99.4705 21.20119)
302,MEX01738,2019-02-26,12:00,Chl-a,1.0,mg/l,2019-02-26,380.0,202.0,367.0,134.0,106.0,82.0,139.0,132.0,133.0,1059.0,342.0,223.0,POINT (-99.4705 21.20119)
303,MEX01807,2018-12-20,12:00,Chl-a,1.0,mg/l,2018-12-21,237.0,400.0,740.0,622.0,515.0,139.0,137.0,103.0,50.0,5.0,44.0,40.0,POINT (-100.54665 21.62572)
304,MEX01807,2018-12-20,12:00,Chl-a,1.0,mg/l,2018-12-21,243.0,406.0,739.0,626.0,517.0,135.0,137.0,103.0,54.0,9.0,47.0,41.0,POINT (-100.54665 21.62572)
305,MEX01807,2019-03-11,12:00,Chl-a,47.0,mg/l,2019-03-11,506.0,620.0,1114.0,722.0,797.0,370.0,354.0,305.0,236.0,146.0,168.0,155.0,POINT (-100.54665 21.62572)
306,MEX01807,2019-03-11,12:00,Chl-a,47.0,mg/l,2019-03-11,451.0,572.0,1100.0,684.0,772.0,304.0,293.0,244.0,172.0,133.0,143.0,144.0,POINT (-100.54665 21.62572)
307,MEX01817,2018-12-18,12:00,Chl-a,1.0,mg/l,2018-12-16,832.0,927.0,1129.0,1301.0,1375.0,1038.0,1068.0,924.0,849.0,795.0,570.0,543.0,POINT (-100.84968 21.87899)
308,MEX01818,2018-12-18,12:00,Chl-a,1.0,mg/l,2018-12-16,924.0,1100.0,1305.0,1500.0,1563.0,1199.0,1210.0,1139.0,977.0,972.0,721.0,661.0,POINT (-100.82349 21.87969)
309,MEX01818,2019-03-11,12:00,Chl-a,39.0,mg/l,2019-03-11,594.0,726.0,1024.0,1021.0,1267.0,783.0,778.0,641.0,466.0,111.0,133.0,128.0,POINT (-100.82349 21.87969)
310,MEX01836,2019-03-11,12:00,Chl-a,85.0,mg/l,2019-03-11,325.0,339.0,730.0,437.0,520.0,221.0,217.0,180.0,144.0,358.0,203.0,176.0,POINT (-101.16954 21.87671)
311,MEX01836,2019-03-11,12:00,Chl-a,85.0,mg/l,2019-03-11,388.0,339.0,724.0,433.0,518.0,215.0,213.0,178.0,144.0,605.0,200.0,173.0,POINT (-101.16954 21.87671)
312,MEX01877,2018-12-20,12:00,Chl-a,11.0,mg/l,2018-12-21,115.0,278.0,548.0,603.0,467.0,135.0,131.0,112.0,81.0,42.0,48.0,50.0,POINT (-100.23728 21.60844)
313,MEX01941,2019-02-11,12:00,Chl-a,104.0,mg/l,2019-02-12,258.0,423.0,874.0,440.0,1401.0,3695.0,4271.0,4370.0,4528.0,4553.0,2256.0,1036.0,POINT (-92.91672 17.94034)
314,MEX01941,2019-02-11,12:00,Chl-a,104.0,mg/l,2019-02-12,305.0,437.0,906.0,404.0,1413.0,3959.0,4643.0,4666.0,4767.0,4536.0,2144.0,954.0,POINT (-92.91672 17.94034)
315,MEX01942,2019-02-11,12:00,Chl-a,235.0,mg/l,2019-02-12,313.0,553.0,725.0,658.0,981.0,1573.0,1790.0,1998.0,2014.0,1769.0,1573.0,1157.0,POINT (-92.91592 17.9501)
316,MEX01942,2019-02-11,12:00,Chl-a,235.0,mg/l,2019-02-12,355.0,475.0,643.0,627.0,838.0,1057.0,1205.0,1211.0,1238.0,1788.0,926.0,591.0,POINT (-92.91592 17.9501)
317,MEX01951,2019-02-11,12:00,Chl-a,258.0,mg/l,2019-02-12,217.0,382.0,558.0,534.0,879.0,1595.0,1920.0,1950.0,2098.0,2279.0,1902.0,1190.0,POINT (-92.9158 17.92881)
318,MEX01951,2019-02-11,12:00,Chl-a,258.0,mg/l,2019-02-12,255.0,367.0,582.0,427.0,950.0,2255.0,2793.0,2898.0,3000.0,2354.0,1999.0,1109.0,POINT (-92.9158 17.92881)
319,MEX02000,2019-02-13,12:00,Chl-a,21.0,mg/l,2019-02-12,662.0,1011.0,1445.0,890.0,708.0,211.0,227.0,178.0,131.0,50.0,39.0,35.0,POINT (-92.57543 18.36755)
320,MEX02003,2019-02-14,12:00,Chl-a,23.0,mg/l,2019-02-12,216.0,360.0,565.0,442.0,412.0,138.0,150.0,117.0,86.0,6.0,36.0,23.0,POINT (-92.65871 18.236776)
321,MEX02062,2019-02-07,12:00,Chl-a,99.0,mg/l,2019-02-06,184.0,268.0,432.0,277.0,340.0,153.0,139.0,110.0,82.0,46.0,43.0,41.0,POINT (-98.1865833333333 19.5706666666667)
322,MEX02063,2019-02-07,12:00,Chl-a,65.0,mg/l,2019-02-06,169.0,258.0,427.0,264.0,325.0,136.0,130.0,97.0,79.0,50.0,36.0,31.0,POINT (-98.18633333333329 19.5617222222222)
323,MEX02064,2019-02-07,12:00,Chl-a,109.0,mg/l,2019-02-06,138.0,232.0,429.0,250.0,309.0,116.0,113.0,79.0,62.0,26.0,59.0,46.0,POINT (-98.18408333333331 19.5479722222222)
324,MEX02065,2019-02-07,12:00,Chl-a,35.0,mg/l,2019-02-06,88.0,181.0,312.0,372.0,496.0,664.0,793.0,881.0,928.0,800.0,878.0,564.0,POINT (-98.16830555555561 19.5522777777778)
325,MEX02066,2019-02-07,12:00,Chl-a,139.0,mg/l,2019-02-06,169.0,251.0,420.0,266.0,361.0,152.0,148.0,120.0,92.0,129.0,80.0,74.0,POINT (-98.1918055555556 19.57375)
326,MEX02067,2019-02-07,12:00,Chl-a,114.0,mg/l,2019-02-06,152.0,219.0,415.0,261.0,305.0,124.0,143.0,115.0,87.0,174.0,158.0,109.0,POINT (-98.2006388888889 19.5564166666667)
327,MEX02068,2019-02-07,12:00,Chl-a,69.0,mg/l,2019-02-06,130.0,210.0,413.0,259.0,392.0,174.0,172.0,135.0,109.0,46.0,46.0,40.0,POINT (-98.1704722222222 19.5600277777778)
328,MEX02087,2019-02-24,12:00,Chl-a,188.0,mg/l,2019-02-22,147.0,181.0,382.0,218.0,305.0,169.0,175.0,131.0,143.0,170.0,158.0,158.0,POINT (-102.896389 21.999444)
329,MEX02089,2019-02-24,12:00,Chl-a,189.0,mg/l,2019-02-22,144.0,198.0,411.0,224.0,346.0,158.0,162.0,139.0,113.0,121.0,115.0,119.0,POINT (-102.89444 22.016944)
330,MEX02110,2019-02-24,12:00,Chl-a,191.0,mg/l,2019-02-22,136.0,191.0,395.0,219.0,322.0,144.0,146.0,121.0,105.0,118.0,108.0,103.0,POINT (-102.896697 22.0063889)
331,MEX02149,2019-02-24,12:00,Chl-a,1.0,mg/l,2019-02-22,259.0,418.0,722.0,674.0,691.0,304.0,291.0,279.0,202.0,160.0,209.0,191.0,POINT (-103.350556 21.645)
332,MEX02150,2019-02-24,12:00,Chl-a,1.0,mg/l,2019-02-22,356.0,500.0,841.0,787.0,800.0,369.0,354.0,309.0,253.0,216.0,243.0,232.0,POINT (-103.362778 21.64222)
333,MEX02151,2019-02-24,12:00,Chl-a,1.0,mg/l,2019-02-22,406.0,551.0,916.0,878.0,870.0,376.0,366.0,289.0,228.0,219.0,153.0,164.0,POINT (-103.363611 21.629722)
334,MEX02163,2019-02-21,12:00,Chl-a,1.0,mg/l,2019-02-22,640.0,619.0,999.0,1186.0,1098.0,711.0,692.0,521.0,600.0,646.0,591.0,548.0,POINT (-103.21677 23.1814)
335,MEX02176,2018-12-13,12:00,Chl-a,118.0,mg/l,2018-12-14,92.0,325.0,768.0,687.0,1151.0,954.0,941.0,843.0,609.0,59.0,34.0,57.0,POINT (-102.767 23.24269)
336,MEX02182,2018-12-18,12:00,Chl-a,1830.0,mg/l,2018-12-18,405.0,379.0,622.0,593.0,1023.0,2167.0,2645.0,2654.0,2902.0,3014.0,1831.0,1064.0,POINT (-99.07943299999999 19.2832)
337,MEX02182,2019-03-07,12:00,Chl-a,1578.0,mg/l,2019-03-08,330.0,325.0,610.0,572.0,1003.0,2422.0,2700.0,2854.0,3038.0,3182.0,1964.0,1167.0,POINT (-99.07943299999999 19.2832)
338,MEX02184,2018-12-18,12:00,Chl-a,72.0,mg/l,2018-12-18,263.0,254.0,350.0,340.0,515.0,463.0,451.0,448.0,443.0,686.0,254.0,171.0,POINT (-99.063868 19.271862)
339,MEX02184,2019-03-08,12:00,Chl-a,154.0,mg/l,2019-03-08,227.0,200.0,412.0,448.0,786.0,693.0,707.0,689.0,793.0,1660.0,886.0,580.0,POINT (-99.063868 19.271862)
340,MEX02185,2018-12-18,12:00,Chl-a,5.0,mg/l,2018-12-18,242.0,229.0,327.0,310.0,486.0,332.0,332.0,261.0,276.0,281.0,184.0,125.0,POINT (-99.061922 19.269833)
341,MEX02185,2019-03-08,12:00,Chl-a,120.0,mg/l,2019-03-08,111.0,116.0,305.0,290.0,575.0,253.0,238.0,196.0,156.0,277.0,182.0,145.0,POINT (-99.061922 19.269833)
342,MEX02186,2018-12-18,12:00,Chl-a,1.0,mg/l,2018-12-18,241.0,235.0,326.0,301.0,466.0,259.0,243.0,198.0,169.0,97.0,90.0,65.0,POINT (-99.05834299999999 19.27117)
343,MEX02186,2019-03-08,12:00,Chl-a,142.0,mg/l,2019-03-08,104.0,118.0,306.0,282.0,560.0,210.0,204.0,143.0,80.0,28.0,77.0,71.0,POINT (-99.05834299999999 19.27117)
344,MEX02188,2018-12-18,12:00,Chl-a,604.0,mg/l,2018-12-18,450.0,329.0,439.0,442.0,870.0,777.0,763.0,625.0,591.0,884.0,437.0,384.0,POINT (-99.006995 19.266313)
345,MEX02188,2019-03-08,12:00,Chl-a,663.0,mg/l,2019-03-08,325.0,185.0,377.0,335.0,821.0,671.0,669.0,555.0,504.0,1007.0,521.0,479.0,POINT (-99.006995 19.266313)
346,MEX02201,2019-02-18,12:00,Chl-a,63.0,mg/l,2019-02-16,46.0,75.0,167.0,83.0,161.0,52.0,56.0,23.0,7.0,3.0,51.0,64.0,POINT (-99.2499 19.6234)
347,MEX02202,2019-02-18,12:00,Chl-a,86.0,mg/l,2019-02-16,70.0,92.0,191.0,101.0,191.0,78.0,67.0,38.0,15.0,0.0,42.0,46.0,POINT (-99.25723000000001 19.63001)
348,MEX02203,2019-02-18,12:00,Chl-a,5.0,mg/l,2019-02-16,104.0,115.0,200.0,123.0,210.0,105.0,111.0,76.0,73.0,62.0,87.0,74.0,POINT (-99.25247 19.63405)
349,MEX02205,2019-02-18,12:00,Chl-a,178.0,mg/l,2019-02-16,80.0,113.0,202.0,116.0,200.0,101.0,77.0,63.0,34.0,16.0,55.0,54.0,POINT (-99.26012 19.63323)
350,MEX02227,2018-12-18,12:00,Chl-a,350.0,mg/l,2018-12-18,608.0,497.0,667.0,618.0,911.0,1191.0,1277.0,1205.0,1280.0,1946.0,681.0,404.0,POINT (-99.09833399999999 19.292469)
351,MEX02246,2019-02-18,12:00,Chl-a,1.0,mg/l,2019-02-16,255.0,302.0,501.0,572.0,868.0,1312.0,1496.0,1571.0,1715.0,1775.0,1747.0,1156.0,POINT (-99.1503 18.89432)
352,MEX02247,2019-02-18,12:00,Chl-a,2.0,mg/l,2019-02-16,255.0,302.0,501.0,572.0,868.0,1312.0,1496.0,1571.0,1715.0,1775.0,1747.0,1156.0,POINT (-99.15058000000001 18.89475)
353,MEX02248,2019-02-18,12:00,Chl-a,1.0,mg/l,2019-02-16,289.0,409.0,650.0,862.0,1136.0,1471.0,1711.0,1766.0,1961.0,2144.0,2084.0,1422.0,POINT (-99.14955999999999 18.89522)
354,MEX02286,2019-02-22,12:00,Chl-a,1.0,mg/l,2019-02-21,4.0,80.0,160.0,81.0,52.0,1.0,1.0,1.0,1.0,1.0,25.0,32.0,POINT (-99.33588 18.74361)
355,MEX02287,2019-02-22,12:00,Chl-a,1.0,mg/l,2019-02-21,143.0,236.0,398.0,310.0,433.0,514.0,561.0,550.0,813.0,452.0,592.0,456.0,POINT (-99.32953000000001 18.76496)
356,MEX02307,2019-02-20,12:00,Chl-a,1.0,mg/l,2019-02-21,315.0,500.0,836.0,713.0,655.0,200.0,215.0,151.0,118.0,158.0,150.0,128.0,POINT (-98.71334 18.58528)
357,MEX02308,2019-02-20,12:00,Chl-a,1.0,mg/l,2019-02-21,335.0,592.0,846.0,1089.0,1392.0,1719.0,1890.0,1985.0,2083.0,1607.0,2237.0,1698.0,POINT (-98.70934 18.60751)
358,MEX02309,2019-02-20,12:00,Chl-a,81.0,mg/l,2019-02-21,336.0,934.0,1252.0,1547.0,1763.0,1772.0,1920.0,2033.0,2012.0,1062.0,2529.0,2014.0,POINT (-98.7514 18.64657)
359,MEX02334,2019-02-13,12:00,Chl-a,1.0,mg/l,2019-02-12,48.0,150.0,336.0,137.0,87.0,1.0,1.0,1.0,1.0,1.0,46.0,69.0,POINT (-103.83652 25.27378)
360,MEX02334,2019-02-13,12:00,Chl-a,1.0,mg/l,2019-02-12,61.0,158.0,340.0,141.0,91.0,1.0,2.0,1.0,1.0,2.0,47.0,69.0,POINT (-103.83652 25.27378)
361,MEX02334,2019-02-13,12:00,Chl-a,1.0,mg/l,2019-02-12,2.0,110.0,304.0,102.0,44.0,1.0,1.0,1.0,1.0,1.0,30.0,57.0,POINT (-103.83652 25.27378)
362,MEX02335,2019-02-13,12:00,Chl-a,1.0,mg/l,2019-02-12,84.0,184.0,346.0,162.0,121.0,29.0,40.0,31.0,27.0,10.0,83.0,86.0,POINT (-103.81319 25.27459)
363,MEX02335,2019-02-13,12:00,Chl-a,1.0,mg/l,2019-02-12,93.0,191.0,350.0,166.0,124.0,33.0,44.0,35.0,30.0,9.0,82.0,85.0,POINT (-103.81319 25.27459)
364,MEX02335,2019-02-13,12:00,Chl-a,1.0,mg/l,2019-02-12,37.0,144.0,305.0,121.0,75.0,1.0,2.0,1.0,1.0,3.0,56.0,70.0,POINT (-103.81319 25.27459)
365,MEX02341,2019-02-13,12:00,Chl-a,1.0,mg/l,2019-02-12,97.0,206.0,384.0,178.0,123.0,18.0,16.0,7.0,10.0,1.0,19.0,40.0,POINT (-103.77764 25.26567)
366,MEX02341,2019-02-13,12:00,Chl-a,1.0,mg/l,2019-02-12,108.0,213.0,390.0,182.0,126.0,22.0,21.0,11.0,15.0,0.0,20.0,40.0,POINT (-103.77764 25.26567)
367,MEX02341,2019-02-13,12:00,Chl-a,1.0,mg/l,2019-02-12,56.0,173.0,359.0,151.0,91.0,1.0,1.0,1.0,1.0,1.0,11.0,37.0,POINT (-103.77764 25.26567)
368,MEX02429,2019-02-13,12:00,Chl-a,37.0,mg/l,2019-02-12,110.0,180.0,183.0,92.0,78.0,58.0,71.0,60.0,63.0,16.0,83.0,59.0,POINT (-92.8685 16.31672)
369,MEX02433,2019-02-11,12:00,Chl-a,66.0,mg/l,2019-02-12,134.0,166.0,205.0,95.0,76.0,48.0,57.0,42.0,38.0,0.0,39.0,38.0,POINT (-92.59608 16.15315)
370,MEX02455,2019-02-21,12:00,Chl-a,71.0,mg/l,2019-02-22,474.0,673.0,1446.0,699.0,949.0,441.0,450.0,385.0,314.0,1224.0,158.0,104.0,POINT (-91.73166000000001 16.12743)
371,MEX02456,2019-02-21,12:00,Chl-a,33.0,mg/l,2019-02-22,335.0,414.0,882.0,384.0,443.0,169.0,182.0,133.0,109.0,73.0,54.0,45.0,POINT (-91.729128 16.120113)
372,MEX02459,2019-02-21,12:00,Chl-a,1.0,mg/l,2019-02-22,275.0,369.0,442.0,218.0,336.0,493.0,562.0,582.0,642.0,306.0,493.0,302.0,POINT (-91.67519 16.0853)
373,MEX02460,2019-02-21,12:00,Chl-a,5.0,mg/l,2019-02-22,281.0,296.0,227.0,98.0,99.0,93.0,99.0,71.0,76.0,73.0,70.0,56.0,POINT (-91.66927 16.08659)
374,MEX02465,2019-02-11,12:00,Chl-a,50.0,mg/l,2019-02-12,98.0,162.0,189.0,79.0,72.0,36.0,43.0,29.0,27.0,7.0,26.0,23.0,POINT (-92.493022 16.060456)
375,MEX02466,2019-02-11,12:00,Chl-a,61.0,mg/l,2019-02-12,153.0,197.0,220.0,103.0,102.0,64.0,70.0,53.0,50.0,11.0,27.0,24.0,POINT (-92.52356 16.10099)
376,MEX02467,2019-02-11,12:00,Chl-a,57.0,mg/l,2019-02-12,147.0,196.0,217.0,111.0,106.0,66.0,75.0,60.0,65.0,19.0,40.0,54.0,POINT (-92.56103 16.11814)
377,MEX02484,2019-03-13,12:00,Chl-a,139.0,mg/l,2019-03-14,414.0,810.0,997.0,943.0,1070.0,1076.0,1143.0,1149.0,1154.0,657.0,1381.0,1118.0,POINT (-93.09296999999999 16.93472)
378,MEX02485,2019-03-13,12:00,Chl-a,44.0,mg/l,2019-03-14,256.0,306.0,369.0,227.0,241.0,174.0,180.0,155.0,164.0,142.0,111.0,95.0,POINT (-93.0919 16.90213)
379,MEX02486,2019-03-13,12:00,Chl-a,142.0,mg/l,2019-03-14,262.0,325.0,431.0,229.0,237.0,153.0,162.0,139.0,131.0,111.0,71.0,59.0,POINT (-93.09783 16.92513)
380,MEX02487,2019-03-13,12:00,Chl-a,55.0,mg/l,2019-03-14,208.0,260.0,302.0,188.0,211.0,146.0,163.0,140.0,131.0,117.0,107.0,82.0,POINT (-93.10415 16.88565)
381,MEX02488,2019-03-13,12:00,Chl-a,95.0,mg/l,2019-03-14,254.0,302.0,347.0,231.0,254.0,185.0,193.0,175.0,176.0,159.0,150.0,121.0,POINT (-93.11468000000001 16.8903)
382,MEX02498,2019-03-13,12:00,Chl-a,112.0,mg/l,2019-03-14,232.0,298.0,423.0,222.0,244.0,144.0,149.0,130.0,124.0,106.0,84.0,79.0,POINT (-93.09962 16.934944)
383,MEX02500,2019-03-13,12:00,Chl-a,104.0,mg/l,2019-03-14,223.0,290.0,407.0,231.0,273.0,157.0,168.0,150.0,133.0,241.0,148.0,112.0,POINT (-93.05663 16.89441)
384,MEX02504,2019-03-16,12:00,Chl-a,83.0,mg/l,2019-03-14,337.0,382.0,458.0,256.0,253.0,218.0,235.0,206.0,201.0,152.0,152.0,119.0,POINT (-93.45285 17.0632)
385,MEX02584,2019-02-14,12:00,Chl-a,52.0,mg/l,2019-02-12,153.0,293.0,524.0,369.0,508.0,178.0,199.0,149.0,102.0,5.0,23.0,11.0,POINT (-92.02444 17.77308)
386,MEX02584,2019-02-14,12:00,Chl-a,52.0,mg/l,2019-02-12,242.0,352.0,556.0,392.0,537.0,208.0,234.0,174.0,128.0,53.0,27.0,13.0,POINT (-92.02444 17.77308)
387,MEX02585,2019-02-14,12:00,Chl-a,170.0,mg/l,2019-02-12,85.0,204.0,426.0,284.0,413.0,133.0,143.0,109.0,71.0,5.0,27.0,30.0,POINT (-92.013717 17.74799)
388,MEX02585,2019-02-14,12:00,Chl-a,170.0,mg/l,2019-02-12,178.0,258.0,464.0,307.0,445.0,166.0,180.0,144.0,104.0,70.0,33.0,35.0,POINT (-92.013717 17.74799)
389,MEX02586,2019-02-14,12:00,Chl-a,123.0,mg/l,2019-02-12,100.0,221.0,501.0,367.0,509.0,129.0,145.0,101.0,45.0,0.0,30.0,30.0,POINT (-92.00019 17.74549)
390,MEX02586,2019-02-14,12:00,Chl-a,123.0,mg/l,2019-02-12,192.0,284.0,535.0,393.0,544.0,186.0,199.0,157.0,104.0,37.0,41.0,31.0,POINT (-92.00019 17.74549)
391,MEX02587,2019-02-14,12:00,Chl-a,131.0,mg/l,2019-02-12,62.0,177.0,420.0,291.0,411.0,84.0,122.0,89.0,58.0,10.0,81.0,74.0,POINT (-92.01282 17.72761)
392,MEX02587,2019-02-14,12:00,Chl-a,131.0,mg/l,2019-02-12,161.0,252.0,468.0,321.0,453.0,153.0,192.0,153.0,124.0,93.0,98.0,71.0,POINT (-92.01282 17.72761)
393,MEX02588,2019-02-14,12:00,Chl-a,121.0,mg/l,2019-02-12,183.0,297.0,596.0,400.0,1060.0,2876.0,3512.0,3626.0,3839.0,3825.0,2218.0,1046.0,POINT (-92.06119 17.7362)
394,MEX02589,2019-02-14,12:00,Chl-a,1.0,mg/l,2019-02-12,314.0,527.0,818.0,696.0,767.0,288.0,318.0,237.0,163.0,9.0,47.0,31.0,POINT (-92.03830000000001 17.79768)
395,MEX02589,2019-02-14,12:00,Chl-a,1.0,mg/l,2019-02-12,395.0,573.0,848.0,710.0,793.0,339.0,363.0,286.0,210.0,87.0,60.0,41.0,POINT (-92.03830000000001 17.79768)
396,MEX02598,2019-01-28,12:00,Chl-a,106.0,mg/l,2019-01-29,6850.0,6582.0,6383.0,6164.0,6304.0,6362.0,6496.0,6350.0,6406.0,5351.0,5607.0,5123.0,POINT (-97.03917 18.84575)
397,MEX02757,2019-01-28,12:00,Chl-a,15.0,mg/l,2019-01-29,660.0,884.0,996.0,1135.0,1342.0,1487.0,1574.0,1539.0,1645.0,1539.0,1970.0,1804.0,POINT (-97.16382 18.82113)
398,MEX02777,2019-03-11,12:00,Chl-a,52.0,mg/l,2019-03-10,432.0,478.0,601.0,334.0,308.0,253.0,250.0,212.0,210.0,145.0,123.0,90.0,POINT (-96.41302 18.22981)
399,MEX02783,2019-03-11,12:00,Chl-a,43.0,mg/l,2019-03-10,513.0,554.0,706.0,420.0,393.0,322.0,335.0,288.0,283.0,207.0,179.0,134.0,POINT (-96.599003 18.296832)
400,MEX02802,2019-03-11,12:00,Chl-a,79.0,mg/l,2019-03-10,451.0,497.0,626.0,344.0,326.0,261.0,269.0,228.0,217.0,192.0,91.0,66.0,POINT (-96.45590300000001 18.197578)
401,MEX02805,2019-03-11,12:00,Chl-a,28.0,mg/l,2019-03-10,468.0,493.0,520.0,346.0,335.0,284.0,298.0,240.0,237.0,242.0,128.0,96.0,POINT (-96.592716 18.351853)
402,MEX02860,2019-01-28,12:00,Chl-a,28.0,mg/l,2019-01-27,5583.0,4408.0,4287.0,4204.0,4517.0,4525.0,4538.0,4480.0,4566.0,7156.0,3981.0,3456.0,POINT (-97.97685 23.26083)
403,MEX02861,2019-01-28,12:00,Chl-a,81.0,mg/l,2019-01-27,3693.0,3838.0,3698.0,3594.0,3881.0,3894.0,3943.0,4063.0,3952.0,4991.0,3610.0,3065.0,POINT (-97.99276999999999 23.26193)
404,MEX02862,2019-01-28,12:00,Chl-a,212.0,mg/l,2019-01-27,608.0,1059.0,990.0,914.0,1026.0,1216.0,1258.0,1542.0,1303.0,898.0,1281.0,1011.0,POINT (-97.97942999999999 23.29091)
405,MEX02863,2019-01-28,12:00,Chl-a,17.0,mg/l,2019-01-27,1826.0,1466.0,1466.0,1343.0,1523.0,1657.0,1734.0,1870.0,1745.0,2134.0,1545.0,1168.0,POINT (-98.02822 23.4697)
406,MEX02863,2019-01-28,12:00,Chl-a,17.0,mg/l,2019-01-27,1796.0,1452.0,1457.0,1337.0,1517.0,1652.0,1732.0,1865.0,1743.0,2124.0,1546.0,1170.0,POINT (-98.02822 23.4697)
407,MEX02899,2019-01-23,12:00,Chl-a,1.0,mg/l,2019-01-22,539.0,841.0,1057.0,655.0,590.0,426.0,462.0,402.0,465.0,857.0,518.0,421.0,POINT (-98.72263 22.91146)
408,MEX02900,2019-01-24,12:00,Chl-a,41.0,mg/l,2019-01-22,775.0,999.0,1164.0,1212.0,1315.0,877.0,935.0,822.0,650.0,351.0,208.0,166.0,POINT (-98.65476 22.82929)
409,MEX02903,2019-01-24,12:00,Chl-a,59.0,mg/l,2019-01-22,711.0,1027.0,1299.0,950.0,820.0,308.0,308.0,263.0,187.0,77.0,73.0,59.0,POINT (-98.75703 22.69454)
410,MEX02904,2019-01-24,12:00,Chl-a,33.0,mg/l,2019-01-22,654.0,881.0,1083.0,637.0,495.0,179.0,189.0,153.0,122.0,57.0,64.0,55.0,POINT (-98.72749 22.64607)
411,MEX02905,2019-01-24,12:00,Chl-a,40.0,mg/l,2019-01-22,625.0,858.0,1039.0,598.0,473.0,196.0,204.0,180.0,144.0,79.0,72.0,68.0,POINT (-98.7227 22.61968)
412,MEX02906,2019-01-24,12:00,Chl-a,37.0,mg/l,2019-01-22,622.0,807.0,954.0,547.0,427.0,169.0,179.0,149.0,126.0,86.0,77.0,71.0,POINT (-98.69494 22.59952)
413,MEX02906,2019-01-24,12:00,Chl-a,37.0,mg/l,2019-01-22,555.0,774.0,930.0,527.0,399.0,142.0,149.0,125.0,99.0,29.0,73.0,66.0,POINT (-98.69494 22.59952)
414,MEX02911,2019-01-22,12:00,Chl-a,60.0,mg/l,2019-01-22,606.0,832.0,1100.0,902.0,1011.0,461.0,466.0,392.0,271.0,125.0,90.0,78.0,POINT (-98.14646999999999 22.35219)
415,MEX02912,2019-01-22,12:00,Chl-a,52.0,mg/l,2019-01-22,484.0,722.0,1010.0,786.0,886.0,385.0,392.0,338.0,267.0,143.0,149.0,112.0,POINT (-98.09654 22.29025)
416,MEX02913,2019-01-22,12:00,Chl-a,68.0,mg/l,2019-01-22,429.0,674.0,994.0,769.0,880.0,374.0,396.0,328.0,253.0,235.0,141.0,102.0,POINT (-98.0416 22.3175)
417,MEX02914,2019-01-21,12:00,Chl-a,80.0,mg/l,2019-01-22,222.0,327.0,457.0,363.0,566.0,989.0,1226.0,1244.0,1238.0,504.0,700.0,424.0,POINT (-97.93786799999999 22.386974)
418,MEX02914,2019-01-21,12:00,Chl-a,80.0,mg/l,2019-01-22,252.0,325.0,396.0,289.0,419.0,523.0,552.0,532.0,677.0,471.0,497.0,285.0,POINT (-97.93786799999999 22.386974)
419,MEX02915,2019-01-21,12:00,Chl-a,78.0,mg/l,2019-01-22,248.0,325.0,379.0,267.0,287.0,188.0,208.0,189.0,175.0,185.0,152.0,119.0,POINT (-97.927357 22.385757)
420,MEX02964,2019-03-01,12:00,Chl-a,135.0,mg/l,2019-02-27,50.0,96.0,139.0,106.0,186.0,105.0,117.0,92.0,80.0,43.0,110.0,100.0,POINT (-103.32639 20.58021)
421,MEX02965,2019-03-01,12:00,Chl-a,239.0,mg/l,2019-02-27,221.0,357.0,842.0,409.0,1308.0,2981.0,3255.0,3274.0,3310.0,3366.0,1228.0,614.0,POINT (-103.33043 20.5772)
422,MEX02975,2019-02-28,12:00,Chl-a,5275.0,mg/l,2019-02-27,148.0,260.0,558.0,431.0,912.0,1837.0,2190.0,2324.0,2441.0,1530.0,1061.0,608.0,POINT (-103.37029 20.41996)
423,MEX02976,2019-02-28,12:00,Chl-a,6415.0,mg/l,2019-02-27,123.0,210.0,638.0,276.0,1203.0,1068.0,1055.0,846.0,546.0,74.0,47.0,41.0,POINT (-103.3427 20.42298)
424,MEX02977,2019-02-28,12:00,Chl-a,2435.0,mg/l,2019-02-27,125.0,214.0,668.0,298.0,1233.0,1085.0,1082.0,870.0,571.0,90.0,27.0,20.0,POINT (-103.32117 20.41404)
425,MEX02978,2019-02-28,12:00,Chl-a,2358.0,mg/l,2019-02-27,95.0,182.0,614.0,256.0,1165.0,1046.0,1027.0,823.0,529.0,69.0,28.0,29.0,POINT (-103.30541 20.42063)
426,MEX02979,2019-02-28,12:00,Chl-a,6349.0,mg/l,2019-02-27,81.0,166.0,614.0,252.0,1165.0,1046.0,1044.0,828.0,526.0,55.0,21.0,25.0,POINT (-103.30269 20.40953)
427,MEX02980,2019-02-28,12:00,Chl-a,6653.0,mg/l,2019-02-27,141.0,213.0,603.0,279.0,1161.0,1092.0,1077.0,859.0,560.0,122.0,72.0,62.0,POINT (-103.31647 20.43295)
428,MEX03005,2019-02-26,12:00,Chl-a,5.0,mg/l,2019-02-27,21.0,116.0,203.0,104.0,105.0,27.0,36.0,20.0,7.0,1.0,12.0,20.0,POINT (-102.94728 20.68642)
429,MEX03005,2019-02-26,12:00,Chl-a,5.0,mg/l,2019-02-27,27.0,121.0,207.0,107.0,109.0,32.0,41.0,23.0,10.0,1.0,15.0,21.0,POINT (-102.94728 20.68642)
430,MEX03006,2019-02-26,12:00,Chl-a,9.0,mg/l,2019-02-27,8.0,97.0,186.0,95.0,92.0,19.0,33.0,19.0,9.0,1.0,39.0,49.0,POINT (-102.91882 20.69178)
431,MEX03006,2019-02-26,12:00,Chl-a,9.0,mg/l,2019-02-27,62.0,166.0,236.0,125.0,124.0,54.0,68.0,51.0,38.0,11.0,48.0,52.0,POINT (-102.91882 20.69178)
432,MEX03007,2019-02-26,12:00,Chl-a,109.0,mg/l,2019-02-27,5.0,102.0,197.0,81.0,83.0,1.0,7.0,1.0,1.0,1.0,22.0,37.0,POINT (-102.97246 20.68059)
433,MEX03007,2019-02-26,12:00,Chl-a,109.0,mg/l,2019-02-27,11.0,107.0,201.0,85.0,90.0,7.0,14.0,1.0,1.0,1.0,24.0,38.0,POINT (-102.97246 20.68059)
434,MEX03008,2019-02-11,12:00,Chl-a,152.0,mg/l,2019-02-12,1458.0,1721.0,1956.0,2205.0,2560.0,2841.0,2935.0,2923.0,3047.0,3144.0,3527.0,2707.0,POINT (-102.991 20.7029)
435,MEX03008,2019-02-11,12:00,Chl-a,152.0,mg/l,2019-02-12,1465.0,1750.0,1978.0,2221.0,2575.0,2857.0,2950.0,2931.0,3055.0,3177.0,3534.0,2704.0,POINT (-102.991 20.7029)
436,MEX03009,2019-02-11,12:00,Chl-a,137.0,mg/l,2019-02-12,922.0,1202.0,1343.0,1400.0,1714.0,1707.0,1729.0,2037.0,1745.0,2051.0,2377.0,1793.0,POINT (-102.98984 20.70794)
437,MEX03009,2019-02-11,12:00,Chl-a,137.0,mg/l,2019-02-12,890.0,1207.0,1339.0,1387.0,1704.0,1692.0,1711.0,2022.0,1726.0,2029.0,2373.0,1787.0,POINT (-102.98984 20.70794)
438,MEX03020,2019-02-11,12:00,Chl-a,1.0,mg/l,2019-02-09,370.0,258.0,326.0,300.0,342.0,290.0,304.0,290.0,284.0,599.0,447.0,391.0,POINT (-102.45805 21.1579)
439,MEX03044,2019-02-28,12:00,Chl-a,409.0,mg/l,2019-02-27,1.0,30.0,79.0,34.0,143.0,27.0,40.0,16.0,2.0,1.0,13.0,14.0,POINT (-103.666203 20.895659)
440,MEX03045,2019-02-28,12:00,Chl-a,528.0,mg/l,2019-02-27,0.0,20.0,67.0,27.0,134.0,13.0,23.0,4.0,1.0,3.0,22.0,29.0,POINT (-103.6815 20.89908)
441,MEX03047,2019-02-28,12:00,Chl-a,771.0,mg/l,2019-02-27,1.0,14.0,65.0,23.0,117.0,11.0,21.0,2.0,1.0,0.0,18.0,21.0,POINT (-103.696282 20.905307)
442,MEX03056,2019-02-27,12:00,Chl-a,258.0,mg/l,2019-02-27,110.0,209.0,476.0,235.0,831.0,2898.0,3560.0,3728.0,3866.0,3842.0,1253.0,530.0,POINT (-103.845127 20.597287)
443,MEX03057,2019-02-27,12:00,Chl-a,246.0,mg/l,2019-02-27,100.0,210.0,385.0,231.0,387.0,137.0,129.0,96.0,49.0,1.0,11.0,12.0,POINT (-103.850275 20.636447)
444,MEX03058,2019-02-27,12:00,Chl-a,284.0,mg/l,2019-02-27,113.0,219.0,398.0,238.0,429.0,158.0,147.0,109.0,61.0,1.0,12.0,12.0,POINT (-103.852255 20.668494)
445,MEX03062,2019-03-01,12:00,Chl-a,23.0,mg/l,2019-02-27,42.0,120.0,259.0,116.0,108.0,4.0,2.0,5.0,1.0,0.0,54.0,46.0,POINT (-103.901087 20.419162)
446,MEX03063,2019-03-01,12:00,Chl-a,38.0,mg/l,2019-02-27,54.0,138.0,278.0,132.0,150.0,10.0,13.0,1.0,1.0,2.0,50.0,46.0,POINT (-103.9041 20.41148)
447,MEX03086,2019-02-19,12:00,Chl-a,1.0,mg/l,2019-02-17,446.0,642.0,893.0,655.0,671.0,267.0,255.0,202.0,144.0,57.0,39.0,35.0,POINT (-102.87219 20.25016)
448,MEX03088,2019-02-19,12:00,Chl-a,149.0,mg/l,2019-02-17,447.0,645.0,906.0,720.0,801.0,380.0,379.0,318.0,232.0,105.0,90.0,80.0,POINT (-102.7732 20.1586)
449,MEX03088,2019-02-19,12:00,Chl-a,149.0,mg/l,2019-02-19,430.0,547.0,842.0,657.0,720.0,280.0,283.0,220.0,150.0,15.0,19.0,15.0,POINT (-102.7732 20.1586)
450,MEX03090,2019-02-19,12:00,Chl-a,182.0,mg/l,2019-02-17,536.0,747.0,987.0,815.0,817.0,389.0,385.0,332.0,241.0,119.0,120.0,115.0,POINT (-102.80433 20.17141)
451,MEX03090,2019-02-19,12:00,Chl-a,182.0,mg/l,2019-02-19,471.0,584.0,887.0,692.0,748.0,287.0,291.0,217.0,146.0,12.0,14.0,10.0,POINT (-102.80433 20.17141)
452,MEX03091,2019-02-19,12:00,Chl-a,146.0,mg/l,2019-02-17,505.0,710.0,971.0,817.0,902.0,443.0,426.0,373.0,267.0,108.0,106.0,99.0,POINT (-102.78117 20.2198)
453,MEX03091,2019-02-19,12:00,Chl-a,146.0,mg/l,2019-02-19,438.0,534.0,824.0,684.0,799.0,337.0,347.0,271.0,172.0,15.0,10.0,6.0,POINT (-102.78117 20.2198)
454,MEX03108,2019-02-11,12:00,Chl-a,723.0,mg/l,2019-02-09,59.0,131.0,360.0,182.0,395.0,176.0,170.0,129.0,114.0,15.0,112.0,110.0,POINT (-102.36891 20.51966)
455,MEX03109,2019-02-11,12:00,Chl-a,938.0,mg/l,2019-02-09,56.0,103.0,351.0,140.0,454.0,240.0,222.0,165.0,102.0,1.0,69.0,79.0,POINT (-102.37051 20.52416)
456,MEX03120,2019-02-19,12:00,Chl-a,190.0,mg/l,2019-02-17,331.0,516.0,944.0,593.0,1024.0,618.0,614.0,504.0,387.0,161.0,90.0,52.0,POINT (-102.7272 20.27663)
457,MEX03120,2019-02-19,12:00,Chl-a,190.0,mg/l,2019-02-19,412.0,508.0,794.0,640.0,816.0,385.0,386.0,304.0,213.0,23.0,17.0,12.0,POINT (-102.7272 20.27663)
458,MEX03121,2019-02-19,12:00,Chl-a,67.0,mg/l,2019-02-17,457.0,646.0,933.0,713.0,816.0,370.0,363.0,301.0,222.0,78.0,69.0,64.0,POINT (-102.7523 20.27235)
459,MEX03121,2019-02-19,12:00,Chl-a,67.0,mg/l,2019-02-19,483.0,602.0,867.0,703.0,698.0,271.0,272.0,207.0,135.0,17.0,19.0,16.0,POINT (-102.7523 20.27235)
460,MEX03122,2019-02-19,12:00,Chl-a,1.0,mg/l,2019-02-17,471.0,667.0,885.0,679.0,609.0,227.0,225.0,177.0,124.0,43.0,43.0,42.0,POINT (-102.82366 20.29715)
461,MEX03133,2019-02-19,12:00,Chl-a,71.0,mg/l,2019-02-17,411.0,595.0,901.0,631.0,842.0,403.0,398.0,337.0,247.0,89.0,88.0,84.0,POINT (-102.8701 20.1739)
462,MEX03142,2019-02-26,12:00,Chl-a,369.0,mg/l,2019-02-27,109.0,77.0,136.0,99.0,273.0,155.0,162.0,127.0,78.0,451.0,136.0,117.0,POINT (-103.65081 20.46668)
463,MEX03143,2019-02-26,12:00,Chl-a,522.0,mg/l,2019-02-27,66.0,129.0,207.0,123.0,293.0,135.0,130.0,97.0,51.0,0.0,41.0,45.0,POINT (-103.65375 20.479)
464,MEX03144,2019-02-26,12:00,Chl-a,42.0,mg/l,2019-02-27,303.0,402.0,590.0,721.0,958.0,1482.0,1691.0,1784.0,1934.0,2041.0,2338.0,1646.0,POINT (-103.63992 20.49539)
465,MEX03146,2019-02-12,12:00,Chl-a,1.0,mg/l,2019-02-12,123.0,184.0,348.0,176.0,149.0,28.0,33.0,20.0,5.0,1.0,20.0,23.0,POINT (-103.77848 19.91709)
466,MEX03147,2019-02-12,12:00,Chl-a,1.0,mg/l,2019-02-12,133.0,179.0,345.0,165.0,134.0,24.0,20.0,5.0,3.0,2.0,33.0,33.0,POINT (-103.788509 19.908315)
467,MEX03148,2019-02-12,12:00,Chl-a,1.0,mg/l,2019-02-12,129.0,205.0,383.0,186.0,149.0,48.0,50.0,35.0,34.0,28.0,88.0,84.0,POINT (-103.78901 19.9002)
468,MEX03149,2019-02-13,12:00,Chl-a,23.0,mg/l,2019-02-12,0.0,26.0,135.0,60.0,63.0,17.0,12.0,12.0,14.0,3.0,69.0,63.0,POINT (-104.02666 19.94845)
469,MEX03149,2019-02-13,12:00,Chl-a,23.0,mg/l,2019-02-12,37.0,62.0,155.0,74.0,68.0,25.0,31.0,25.0,33.0,6.0,63.0,57.0,POINT (-104.02666 19.94845)
470,MEX03150,2019-02-13,12:00,Chl-a,38.0,mg/l,2019-02-12,1.0,19.0,100.0,49.0,53.0,6.0,11.0,1.0,0.0,1.0,17.0,27.0,POINT (-104.04719 19.92502)
471,MEX03151,2019-02-13,12:00,Chl-a,76.0,mg/l,2019-02-12,1.0,17.0,103.0,52.0,59.0,3.0,1.0,1.0,4.0,2.0,43.0,45.0,POINT (-104.05975 19.91337)
472,MEX03155,2019-02-14,12:00,Chl-a,1.0,mg/l,2019-02-12,30.0,36.0,106.0,45.0,41.0,6.0,30.0,9.0,8.0,39.0,99.0,97.0,POINT (-104.368538 19.975615)
473,MEX03156,2019-02-14,12:00,Chl-a,38.0,mg/l,2019-02-12,31.0,71.0,192.0,101.0,93.0,2.0,6.0,1.0,2.0,0.0,86.0,66.0,POINT (-104.31423 20.0596)
474,MEX03157,2019-02-14,12:00,Chl-a,1.0,mg/l,2019-02-12,30.0,57.0,122.0,53.0,36.0,2.0,9.0,1.0,2.0,0.0,21.0,29.0,POINT (-104.364992 19.985273)
475,MEX03158,2019-02-14,12:00,Chl-a,1.0,mg/l,2019-02-12,14.0,34.0,108.0,44.0,30.0,1.0,1.0,1.0,1.0,1.0,27.0,41.0,POINT (-104.344536 19.988105)
476,MEX03159,2019-02-14,12:00,Chl-a,1.0,mg/l,2019-02-12,112.0,155.0,280.0,169.0,132.0,42.0,39.0,30.0,12.0,0.0,20.0,28.0,POINT (-104.306474 20.03868)
477,MEX03160,2019-02-14,12:00,Chl-a,1.0,mg/l,2019-02-12,86.0,138.0,276.0,159.0,125.0,28.0,35.0,18.0,11.0,0.0,57.0,68.0,POINT (-104.319576 20.036908)
478,MEX03198,2019-02-27,12:00,Chl-a,33.0,mg/l,2019-02-27,126.0,216.0,337.0,218.0,275.0,168.0,171.0,152.0,136.0,109.0,111.0,99.0,POINT (-103.480622 19.758058)
479,MEX03199,2019-02-27,12:00,Chl-a,104.0,mg/l,2019-02-27,151.0,230.0,403.0,363.0,797.0,1825.0,2253.0,2493.0,2698.0,2706.0,1449.0,835.0,POINT (-103.48045 19.741084)
480,MEX03209,2019-10-25,12:00,Chl-a,18.0,mg/l,2019-10-25,922.0,1222.0,1974.0,1296.0,938.0,255.0,244.0,161.0,93.0,123.0,48.0,39.0,POINT (-103.339085 19.798715)
481,MEX03211,2019-10-25,12:00,Chl-a,5.0,mg/l,2019-10-25,1025.0,1389.0,2130.0,1521.0,1171.0,448.0,432.0,334.0,279.0,307.0,171.0,138.0,POINT (-103.339224 19.815519)
482,MEX03212,2019-02-27,12:00,Chl-a,52.0,mg/l,2019-02-27,103.0,183.0,295.0,194.0,282.0,135.0,133.0,106.0,89.0,79.0,98.0,86.0,POINT (-103.48205 19.76959)
483,MEX03213,2019-02-27,12:00,Chl-a,104.0,mg/l,2019-02-27,106.0,203.0,338.0,213.0,300.0,144.0,140.0,118.0,103.0,65.0,88.0,82.0,POINT (-103.49005 19.76349)
484,MEX03215,2019-06-17,12:00,Chl-a,166.0,mg/l,2019-06-17,567.0,665.0,863.0,527.0,756.0,469.0,467.0,376.0,329.0,176.0,133.0,106.0,POINT (-104.054196 21.201297)
485,MEX03216,2019-06-17,12:00,Chl-a,543.0,mg/l,2019-06-17,423.0,533.0,701.0,430.0,858.0,755.0,759.0,620.0,611.0,434.0,189.0,113.0,POINT (-104.072675 21.180143)
486,MEX03286,2018-12-12,12:00,Chl-a,9.0,mg/l,2018-12-13,426.0,573.0,980.0,928.0,729.0,198.0,198.0,161.0,95.0,1.0,61.0,48.0,POINT (-110.72537 29.21483)
487,MEX03296,2018-12-13,12:00,Chl-a,1.0,mg/l,2018-12-13,3.0,37.0,154.0,80.0,41.0,1.0,1.0,2.0,0.0,1.0,33.0,30.0,POINT (-109.64823 28.98886)
488,MEX03297,2018-12-13,12:00,Chl-a,1.0,mg/l,2018-12-13,17.0,75.0,231.0,121.0,73.0,11.0,22.0,16.0,18.0,32.0,60.0,68.0,POINT (-109.66576 29.00928)
489,MEX03298,2018-12-13,12:00,Chl-a,9.0,mg/l,2018-12-13,98.0,152.0,279.0,186.0,147.0,79.0,74.0,77.0,60.0,5.0,73.0,66.0,POINT (-109.65536 29.01551)
490,MEX03299,2018-12-13,12:00,Chl-a,1.0,mg/l,2018-12-13,47.0,108.0,251.0,138.0,93.0,23.0,20.0,16.0,26.0,0.0,55.0,58.0,POINT (-109.6645 29.02708)
491,MEX03300,2018-12-13,12:00,Chl-a,1.0,mg/l,2018-12-13,48.0,102.0,252.0,132.0,79.0,2.0,3.0,5.0,12.0,5.0,40.0,44.0,POINT (-109.663 29.04688)
492,MEX03439,2019-02-12,12:00,Chl-a,1.0,mg/l,2019-02-10,1137.0,966.0,1096.0,992.0,1163.0,1473.0,1580.0,1634.0,1644.0,1625.0,1601.0,1407.0,POINT (-116.697211 32.4799)
493,MEX03440,2019-02-12,12:00,Chl-a,1.0,mg/l,2019-02-10,398.0,410.0,461.0,177.0,145.0,113.0,121.0,124.0,128.0,52.0,132.0,126.0,POINT (-116.686708 32.477541)
494,MEX03441,2019-02-12,12:00,Chl-a,1.0,mg/l,2019-02-10,571.0,464.0,509.0,263.0,212.0,157.0,164.0,244.0,167.0,221.0,216.0,181.0,POINT (-116.676203 32.477477)
495,MEX03442,2019-02-12,12:00,Chl-a,1.0,mg/l,2019-02-10,1462.0,1191.0,1202.0,901.0,1002.0,1210.0,1250.0,1774.0,1233.0,2218.0,1294.0,1115.0,POINT (-116.67834 32.4856)
496,MEX03443,2019-02-12,12:00,Chl-a,1.0,mg/l,2019-02-10,3258.0,2423.0,2498.0,2302.0,2573.0,3090.0,3229.0,3562.0,3376.0,4396.0,3036.0,2715.0,POINT (-116.690847 32.488283)
497,MEX03452,2018-12-20,12:00,Chl-a,1.0,mg/l,2018-12-19,54.0,53.0,265.0,149.0,289.0,705.0,812.0,832.0,890.0,1982.0,668.0,482.0,POINT (-114.770332 32.677025)
498,MEX03452,2018-12-20,12:00,Chl-a,1.0,mg/l,2018-12-19,58.0,66.0,287.0,158.0,296.0,947.0,821.0,833.0,900.0,1903.0,671.0,482.0,POINT (-114.770332 32.677025)
499,MEX03452,2018-12-20,12:00,Chl-a,1.0,mg/l,2018-12-19,51.0,48.0,250.0,138.0,266.0,649.0,744.0,749.0,818.0,1958.0,643.0,469.0,POINT (-114.770332 32.677025)
500,MEX03452,2018-12-20,12:00,Chl-a,1.0,mg/l,2018-12-19,58.0,61.0,270.0,148.0,276.0,657.0,756.0,759.0,831.0,1927.0,649.0,473.0,POINT (-114.770332 32.677025)
501,MEX03452,2019-02-07,12:00,Chl-a,1.0,mg/l,2019-02-07,101.0,55.0,220.0,173.0,284.0,471.0,507.0,534.0,621.0,1482.0,646.0,507.0,POINT (-114.770332 32.677025)
502,MEX03452,2019-02-07,12:00,Chl-a,1.0,mg/l,2019-02-07,33.0,36.0,158.0,126.0,314.0,593.0,475.0,491.0,592.0,1339.0,632.0,496.0,POINT (-114.770332 32.677025)
503,MEX03464,2018-12-20,12:00,Chl-a,1.0,mg/l,2018-12-19,9.0,8.0,134.0,1.0,1.0,1.0,1.0,1.0,1.0,478.0,134.0,159.0,POINT (-114.728339 32.706497)
504,MEX03473,2019-10-22,12:00,Chl-a,9.0,mg/l,2019-10-23,85.0,144.0,207.0,66.0,43.0,7.0,22.0,27.0,31.0,311.0,104.0,121.0,POINT (-116.526908 32.542389)
505,MEX03475,2019-10-22,12:00,Chl-a,9.0,mg/l,2019-10-23,358.0,522.0,651.0,781.0,917.0,1119.0,1187.0,1294.0,1333.0,1148.0,1745.0,1491.0,POINT (-116.532571 32.54418)
506,MEX03497,2019-02-12,12:00,Chl-a,1.0,mg/l,2019-02-10,1291.0,1185.0,1311.0,1093.0,1230.0,1458.0,1513.0,1649.0,1547.0,1663.0,1499.0,1408.0,POINT (-116.685517 32.481095)
507,MEX03499,2018-12-19,12:00,Chl-a,1.0,mg/l,2018-12-19,102.0,243.0,509.0,643.0,970.0,1306.0,1457.0,1540.0,1603.0,1687.0,1552.0,1080.0,POINT (-114.748813 31.947183)
508,MEX03501,2018-12-19,12:00,Chl-a,1.0,mg/l,2018-12-19,113.0,151.0,542.0,399.0,1071.0,2272.0,2592.0,2785.0,2778.0,2706.0,1335.0,695.0,POINT (-114.894444 32.039167)
509,MEX03501,2019-02-06,12:00,Chl-a,1.0,mg/l,2019-02-07,240.0,214.0,560.0,437.0,1088.0,2182.0,2396.0,2677.0,2609.0,2496.0,1426.0,787.0,POINT (-114.894444 32.039167)
510,MEX03502,2018-12-19,12:00,Chl-a,1.0,mg/l,2018-12-19,14.0,153.0,380.0,289.0,350.0,361.0,478.0,487.0,579.0,611.0,690.0,468.0,POINT (-114.897222 32.035556)
511,MEX03502,2019-02-06,12:00,Chl-a,1.0,mg/l,2019-02-07,141.0,214.0,443.0,385.0,467.0,392.0,438.0,480.0,526.0,772.0,821.0,556.0,POINT (-114.897222 32.035556)
512,MEX03503,2018-12-19,12:00,Chl-a,1.0,mg/l,2018-12-19,1.0,91.0,387.0,356.0,465.0,341.0,414.0,473.0,473.0,580.0,799.0,509.0,POINT (-114.90349 32.037378)
513,MEX03503,2019-02-06,12:00,Chl-a,1.0,mg/l,2019-02-07,88.0,176.0,509.0,476.0,540.0,345.0,393.0,467.0,481.0,761.0,892.0,587.0,POINT (-114.90349 32.037378)
514,MEX03583,2019-10-27,12:00,Chl-a,459.0,mg/l,2019-10-26,284.0,404.0,676.0,677.0,962.0,1264.0,1554.0,1478.0,1589.0,1458.0,1279.0,991.0,POINT (-107.61197 24.61106)
515,MEX03583,2019-10-27,12:00,Chl-a,459.0,mg/l,2019-10-26,368.0,262.0,531.0,380.0,644.0,736.0,956.0,914.0,932.0,1426.0,710.0,458.0,POINT (-107.61197 24.61106)
516,MEX03587,2018-12-19,12:00,Chl-a,28.0,mg/l,2018-12-20,66.0,212.0,530.0,283.0,191.0,15.0,18.0,17.0,3.0,0.0,1.0,15.0,POINT (-107.13645 24.83191)
517,MEX03587,2018-12-19,12:00,Chl-a,28.0,mg/l,2018-12-20,76.0,224.0,533.0,290.0,195.0,20.0,20.0,18.0,3.0,0.0,1.0,16.0,POINT (-107.13645 24.83191)
518,MEX03588,2018-12-19,12:00,Chl-a,1.0,mg/l,2018-12-20,51.0,196.0,502.0,264.0,181.0,20.0,26.0,25.0,3.0,1.0,1.0,7.0,POINT (-107.12249 24.82428)
519,MEX03588,2018-12-19,12:00,Chl-a,1.0,mg/l,2018-12-20,65.0,201.0,508.0,264.0,191.0,22.0,35.0,32.0,14.0,1.0,1.0,9.0,POINT (-107.12249 24.82428)
520,MEX03589,2018-12-19,12:00,Chl-a,79.0,mg/l,2018-12-20,40.0,164.0,451.0,231.0,176.0,16.0,23.0,12.0,0.0,1.0,5.0,15.0,POINT (-107.1078 24.83925)
521,MEX03589,2018-12-19,12:00,Chl-a,79.0,mg/l,2018-12-20,48.0,172.0,456.0,234.0,181.0,13.0,20.0,15.0,2.0,2.0,6.0,13.0,POINT (-107.1078 24.83925)
522,MEX03590,2018-12-19,12:00,Chl-a,14.0,mg/l,2018-12-20,69.0,221.0,541.0,295.0,206.0,28.0,41.0,29.0,18.0,1.0,1.0,12.0,POINT (-107.11535 24.8235)
523,MEX03590,2018-12-19,12:00,Chl-a,14.0,mg/l,2018-12-20,71.0,235.0,544.0,295.0,206.0,28.0,50.0,36.0,24.0,0.0,2.0,4.0,POINT (-107.11535 24.8235)
524,MEX03591,2018-12-19,12:00,Chl-a,42.0,mg/l,2018-12-20,57.0,200.0,520.0,265.0,172.0,14.0,18.0,15.0,3.0,1.0,4.0,18.0,POINT (-107.13805 24.82063)
525,MEX03591,2018-12-19,12:00,Chl-a,42.0,mg/l,2018-12-20,68.0,210.0,526.0,270.0,174.0,18.0,21.0,19.0,3.0,0.0,4.0,19.0,POINT (-107.13805 24.82063)
526,MEX03601,2019-02-08,12:00,Chl-a,1.0,mg/l,2019-02-08,230.0,366.0,694.0,612.0,559.0,140.0,149.0,120.0,62.0,2.0,11.0,18.0,POINT (-108.04578 25.4992)
527,MEX03602,2019-02-08,12:00,Chl-a,1.0,mg/l,2019-02-08,212.0,360.0,690.0,508.0,424.0,97.0,98.0,84.0,41.0,0.0,11.0,19.0,POINT (-108.06044 25.5005)
528,MEX03603,2019-02-08,12:00,Chl-a,1.0,mg/l,2019-02-08,376.0,479.0,791.0,763.0,823.0,788.0,848.0,891.0,924.0,878.0,949.0,753.0,POINT (-108.06475 25.48339)
529,MEX03604,2019-02-08,12:00,Chl-a,1.0,mg/l,2019-02-08,149.0,257.0,526.0,342.0,312.0,57.0,59.0,50.0,20.0,4.0,16.0,17.0,POINT (-108.05939 25.51762)
530,MEX03614,2019-02-28,12:00,Chl-a,1.0,mg/l,2019-02-26,47.0,237.0,463.0,245.0,232.0,70.0,83.0,70.0,56.0,1.0,66.0,72.0,POINT (-108.36081 26.89223)
531,MEX03614,2019-02-28,12:00,Chl-a,1.0,mg/l,2019-02-28,161.0,316.0,648.0,323.0,278.0,28.0,28.0,20.0,1.0,0.0,2.0,18.0,POINT (-108.36081 26.89223)
532,MEX03626,2019-02-26,12:00,Chl-a,1.0,mg/l,2019-02-26,699.0,608.0,897.0,926.0,1428.0,2841.0,3342.0,3523.0,3566.0,2247.0,2133.0,1433.0,POINT (-108.78381 26.07131)
533,MEX03628,2019-02-26,12:00,Chl-a,1.0,mg/l,2019-02-26,135.0,249.0,439.0,228.0,189.0,87.0,134.0,144.0,162.0,222.0,156.0,245.0,POINT (-108.70803 26.43419)
534,MEX03628,2019-10-31,12:00,Chl-a,23.0,mg/l,2019-10-29,127.0,138.0,230.0,125.0,108.0,74.0,84.0,75.0,70.0,35.0,60.0,44.0,POINT (-108.70803 26.43419)
535,MEX03628,2019-10-31,12:00,Chl-a,23.0,mg/l,2019-10-31,112.0,170.0,236.0,122.0,121.0,45.0,58.0,57.0,48.0,5.0,55.0,46.0,POINT (-108.70803 26.43419)
536,MEX03629,2019-02-26,12:00,Chl-a,1.0,mg/l,2019-02-26,1606.0,1346.0,1508.0,991.0,1071.0,1166.0,1242.0,1607.0,1439.0,3478.0,1151.0,1645.0,POINT (-108.70685 26.46003)
537,MEX03629,2019-10-31,12:00,Chl-a,28.0,mg/l,2019-10-29,171.0,206.0,314.0,170.0,154.0,72.0,77.0,65.0,56.0,5.0,15.0,15.0,POINT (-108.70685 26.46003)
538,MEX03629,2019-10-31,12:00,Chl-a,28.0,mg/l,2019-10-31,158.0,208.0,312.0,149.0,141.0,53.0,66.0,47.0,33.0,1.0,15.0,11.0,POINT (-108.70685 26.46003)
539,MEX03630,2019-02-26,12:00,Chl-a,1.0,mg/l,2019-02-26,237.0,429.0,655.0,376.0,310.0,110.0,109.0,104.0,73.0,42.0,46.0,48.0,POINT (-108.68713 26.46285)
540,MEX03631,2019-02-26,12:00,Chl-a,1.0,mg/l,2019-02-26,248.0,484.0,746.0,430.0,350.0,90.0,102.0,159.0,54.0,19.0,32.0,36.0,POINT (-108.67665 26.45624)
541,MEX03635,2019-02-25,12:00,Chl-a,1.0,mg/l,2019-02-26,455.0,814.0,1344.0,1112.0,867.0,209.0,206.0,153.0,86.0,1.0,8.0,11.0,POINT (-108.54667 26.54078)
542,MEX03636,2019-02-25,12:00,Chl-a,1.0,mg/l,2019-02-26,466.0,810.0,1314.0,1189.0,943.0,254.0,254.0,200.0,107.0,1.0,14.0,11.0,POINT (-108.56567 26.55989)
543,MEX03637,2019-02-25,12:00,Chl-a,1.0,mg/l,2019-02-26,262.0,396.0,668.0,579.0,454.0,120.0,125.0,80.0,55.0,1.0,10.0,17.0,POINT (-108.5768 26.54325)
544,MEX03638,2019-02-25,12:00,Chl-a,1.0,mg/l,2019-02-26,439.0,766.0,1260.0,1071.0,859.0,232.0,227.0,170.0,92.0,1.0,10.0,6.0,POINT (-108.54863 26.57691)
545,MEX03639,2019-02-28,12:00,Chl-a,1.0,mg/l,2019-02-26,550.0,800.0,1081.0,935.0,985.0,950.0,997.0,1096.0,1048.0,1281.0,1484.0,1297.0,POINT (-108.36723 26.8453)
546,MEX03639,2019-02-28,12:00,Chl-a,1.0,mg/l,2019-02-28,253.0,479.0,905.0,488.0,303.0,27.0,32.0,17.0,1.0,1.0,71.0,82.0,POINT (-108.36723 26.8453)
547,MEX03640,2019-02-28,12:00,Chl-a,1.0,mg/l,2019-02-26,90.0,279.0,503.0,282.0,192.0,37.0,47.0,21.0,21.0,1.0,44.0,55.0,POINT (-108.38062 26.89038)
548,MEX03640,2019-02-28,12:00,Chl-a,1.0,mg/l,2019-02-28,209.0,400.0,745.0,404.0,292.0,2.0,23.0,5.0,1.0,0.0,43.0,52.0,POINT (-108.38062 26.89038)
549,MEX03641,2019-02-28,12:00,Chl-a,1.0,mg/l,2019-02-26,252.0,423.0,757.0,610.0,498.0,284.0,309.0,441.0,304.0,453.0,527.0,371.0,POINT (-108.3674 26.91922)
550,MEX03641,2019-02-28,12:00,Chl-a,1.0,mg/l,2019-02-28,245.0,326.0,607.0,349.0,341.0,50.0,50.0,42.0,22.0,279.0,105.0,101.0,POINT (-108.3674 26.91922)
551,MEX03665,2018-12-21,12:00,Chl-a,5.0,mg/l,2018-12-20,33.0,125.0,307.0,174.0,95.0,10.0,12.0,24.0,10.0,1.0,70.0,47.0,POINT (-106.80581 24.57212)
552,MEX03665,2018-12-21,12:00,Chl-a,5.0,mg/l,2018-12-22,135.0,304.0,423.0,218.0,142.0,54.0,69.0,86.0,48.0,10.0,107.0,92.0,POINT (-106.80581 24.57212)
553,MEX03665,2019-02-22,12:00,Chl-a,1.0,mg/l,2019-02-20,738.0,736.0,859.0,809.0,846.0,893.0,948.0,1019.0,986.0,982.0,1050.0,810.0,POINT (-106.80581 24.57212)
554,MEX03666,2018-12-21,12:00,Chl-a,1.0,mg/l,2018-12-20,65.0,157.0,337.0,167.0,85.0,3.0,13.0,12.0,6.0,1.0,17.0,29.0,POINT (-106.79475 24.58537)
555,MEX03666,2018-12-21,12:00,Chl-a,1.0,mg/l,2018-12-22,121.0,237.0,361.0,169.0,105.0,16.0,30.0,16.0,2.0,4.0,21.0,35.0,POINT (-106.79475 24.58537)
556,MEX03666,2019-02-22,12:00,Chl-a,1.0,mg/l,2019-02-20,241.0,320.0,351.0,252.0,229.0,221.0,228.0,287.0,225.0,207.0,244.0,189.0,POINT (-106.79475 24.58537)
557,MEX03667,2018-12-21,12:00,Chl-a,1.0,mg/l,2018-12-20,70.0,153.0,323.0,153.0,75.0,15.0,18.0,23.0,10.0,1.0,2.0,7.0,POINT (-106.76237 24.60864)
558,MEX03667,2018-12-21,12:00,Chl-a,1.0,mg/l,2018-12-22,111.0,216.0,333.0,153.0,94.0,29.0,29.0,29.0,7.0,1.0,6.0,11.0,POINT (-106.76237 24.60864)
559,MEX03667,2019-02-22,12:00,Chl-a,1.0,mg/l,2019-02-20,451.0,487.0,555.0,430.0,442.0,453.0,477.0,481.0,466.0,474.0,400.0,311.0,POINT (-106.76237 24.60864)
560,MEX03668,2018-12-21,12:00,Chl-a,1.0,mg/l,2018-12-20,55.0,138.0,306.0,148.0,78.0,11.0,21.0,17.0,7.0,1.0,2.0,12.0,POINT (-106.74781 24.59264)
561,MEX03668,2018-12-21,12:00,Chl-a,1.0,mg/l,2018-12-22,95.0,209.0,320.0,151.0,82.0,17.0,36.0,23.0,1.0,1.0,8.0,14.0,POINT (-106.74781 24.59264)
562,MEX03668,2019-02-22,12:00,Chl-a,1.0,mg/l,2019-02-20,318.0,453.0,381.0,322.0,306.0,284.0,309.0,389.0,323.0,391.0,274.0,234.0,POINT (-106.74781 24.59264)
563,MEX03669,2018-12-21,12:00,Chl-a,1.0,mg/l,2018-12-20,85.0,192.0,394.0,175.0,80.0,1.0,8.0,5.0,1.0,1.0,8.0,25.0,POINT (-106.71886 24.62845)
564,MEX03669,2018-12-21,12:00,Chl-a,1.0,mg/l,2018-12-22,115.0,262.0,399.0,175.0,101.0,17.0,28.0,13.0,3.0,1.0,8.0,38.0,POINT (-106.71886 24.62845)
565,MEX03669,2019-02-22,12:00,Chl-a,1.0,mg/l,2019-02-20,145.0,192.0,224.0,126.0,107.0,89.0,106.0,100.0,110.0,69.0,115.0,112.0,POINT (-106.71886 24.62845)
566,MEX03669,2019-10-26,12:00,Chl-a,9.0,mg/l,2019-10-26,140.0,159.0,286.0,131.0,124.0,74.0,87.0,62.0,66.0,5.0,45.0,59.0,POINT (-106.71886 24.62845)
567,MEX03673,2018-12-22,12:00,Chl-a,19.0,mg/l,2018-12-20,1.0,13.0,92.0,59.0,31.0,1.0,1.0,1.0,1.0,1.0,19.0,26.0,POINT (-106.65058 24.1363)
568,MEX03673,2018-12-22,12:00,Chl-a,19.0,mg/l,2018-12-22,1.0,85.0,121.0,69.0,44.0,1.0,2.0,3.0,1.0,1.0,26.0,29.0,POINT (-106.65058 24.1363)
569,MEX03673,2019-02-20,12:00,Chl-a,76.0,mg/l,2019-02-18,21.0,69.0,192.0,105.0,134.0,90.0,91.0,81.0,89.0,95.0,105.0,82.0,POINT (-106.65058 24.1363)
570,MEX03673,2019-10-27,12:00,Chl-a,128.0,mg/l,2019-10-26,129.0,147.0,249.0,146.0,163.0,99.0,113.0,82.0,90.0,74.0,61.0,46.0,POINT (-106.65058 24.1363)
571,MEX03673,2019-10-27,12:00,Chl-a,128.0,mg/l,2019-10-28,77.0,150.0,217.0,114.0,133.0,37.0,53.0,47.0,36.0,3.0,49.0,36.0,POINT (-106.65058 24.1363)
572,MEX03674,2018-12-22,12:00,Chl-a,23.0,mg/l,2018-12-20,1.0,10.0,57.0,45.0,26.0,16.0,21.0,16.0,27.0,56.0,44.0,49.0,POINT (-106.69051 24.14662)
573,MEX03674,2018-12-22,12:00,Chl-a,23.0,mg/l,2018-12-22,52.0,96.0,105.0,66.0,44.0,26.0,57.0,43.0,48.0,35.0,52.0,53.0,POINT (-106.69051 24.14662)
574,MEX03674,2019-02-20,12:00,Chl-a,81.0,mg/l,2019-02-18,76.0,102.0,215.0,123.0,108.0,41.0,71.0,63.0,77.0,136.0,155.0,116.0,POINT (-106.69051 24.14662)
575,MEX03674,2019-10-27,12:00,Chl-a,76.0,mg/l,2019-10-26,140.0,141.0,218.0,138.0,171.0,144.0,165.0,121.0,143.0,248.0,92.0,58.0,POINT (-106.69051 24.14662)
576,MEX03674,2019-10-27,12:00,Chl-a,76.0,mg/l,2019-10-28,128.0,162.0,197.0,126.0,146.0,112.0,137.0,106.0,122.0,130.0,96.0,54.0,POINT (-106.69051 24.14662)
577,MEX03675,2018-12-22,12:00,Chl-a,14.0,mg/l,2018-12-20,30.0,23.0,81.0,69.0,56.0,65.0,52.0,75.0,62.0,192.0,153.0,115.0,POINT (-106.6851 24.13018)
578,MEX03675,2018-12-22,12:00,Chl-a,14.0,mg/l,2018-12-22,88.0,95.0,107.0,69.0,61.0,28.0,53.0,59.0,72.0,158.0,112.0,92.0,POINT (-106.6851 24.13018)
579,MEX03675,2019-02-20,12:00,Chl-a,47.0,mg/l,2019-02-18,175.0,371.0,501.0,481.0,522.0,507.0,544.0,597.0,583.0,407.0,704.0,595.0,POINT (-106.6851 24.13018)
580,MEX03675,2019-10-27,12:00,Chl-a,104.0,mg/l,2019-10-26,283.0,548.0,1255.0,656.0,1817.0,2574.0,2640.0,2630.0,2721.0,1762.0,1163.0,574.0,POINT (-106.6851 24.13018)
581,MEX03675,2019-10-27,12:00,Chl-a,104.0,mg/l,2019-10-28,160.0,169.0,218.0,137.0,162.0,115.0,154.0,128.0,129.0,271.0,157.0,109.0,POINT (-106.6851 24.13018)
582,MEX03676,2018-12-22,12:00,Chl-a,1.0,mg/l,2018-12-20,1.0,44.0,135.0,66.0,31.0,1.0,1.0,1.0,1.0,1.0,11.0,20.0,POINT (-106.7261 24.13359)
583,MEX03676,2018-12-22,12:00,Chl-a,1.0,mg/l,2018-12-22,75.0,128.0,163.0,82.0,44.0,1.0,1.0,1.0,1.0,0.0,19.0,19.0,POINT (-106.7261 24.13359)
584,MEX03676,2019-02-20,12:00,Chl-a,57.0,mg/l,2019-02-18,7.0,63.0,194.0,83.0,77.0,15.0,19.0,21.0,14.0,1.0,83.0,72.0,POINT (-106.7261 24.13359)
585,MEX03676,2019-10-27,12:00,Chl-a,128.0,mg/l,2019-10-26,126.0,145.0,204.0,134.0,135.0,76.0,77.0,65.0,66.0,34.0,47.0,38.0,POINT (-106.7261 24.13359)
586,MEX03676,2019-10-27,12:00,Chl-a,128.0,mg/l,2019-10-28,157.0,181.0,212.0,133.0,148.0,85.0,95.0,76.0,63.0,21.0,58.0,53.0,POINT (-106.7261 24.13359)
587,MEX03694,2019-01-25,12:00,Chl-a,1.0,mg/l,2019-01-26,130.0,242.0,465.0,229.0,193.0,75.0,78.0,75.0,64.0,20.0,44.0,30.0,POINT (-106.1955 23.5165)
588,MEX03694,2019-10-25,12:00,Chl-a,168.0,mg/l,2019-10-23,90.0,134.0,377.0,166.0,206.0,82.0,89.0,70.0,56.0,5.0,13.0,14.0,POINT (-106.1955 23.5165)
589,MEX03718,2018-12-20,12:00,Chl-a,9.0,mg/l,2018-12-20,73.0,142.0,320.0,163.0,90.0,16.0,12.0,12.0,19.0,3.0,61.0,50.0,POINT (-107.85013 25.89576)
590,MEX03718,2018-12-20,12:00,Chl-a,9.0,mg/l,2018-12-20,79.0,135.0,322.0,160.0,97.0,12.0,15.0,19.0,14.0,0.0,69.0,54.0,POINT (-107.85013 25.89576)
591,MEX03719,2018-12-20,12:00,Chl-a,38.0,mg/l,2018-12-20,83.0,171.0,360.0,169.0,107.0,9.0,7.0,11.0,3.0,2.0,10.0,13.0,POINT (-107.83984 25.95207)
592,MEX03719,2018-12-20,12:00,Chl-a,38.0,mg/l,2018-12-20,85.0,168.0,358.0,167.0,102.0,5.0,7.0,7.0,2.0,0.0,10.0,11.0,POINT (-107.83984 25.95207)
593,MEX03720,2018-12-20,12:00,Chl-a,5.0,mg/l,2018-12-20,107.0,211.0,416.0,188.0,111.0,6.0,12.0,12.0,15.0,0.0,26.0,21.0,POINT (-107.86852 25.95233)
594,MEX03720,2018-12-20,12:00,Chl-a,5.0,mg/l,2018-12-20,115.0,210.0,414.0,188.0,112.0,4.0,12.0,11.0,12.0,2.0,27.0,22.0,POINT (-107.86852 25.95233)
595,MEX03721,2018-12-20,12:00,Chl-a,1.0,mg/l,2018-12-20,57.0,97.0,252.0,125.0,62.0,1.0,3.0,1.0,1.0,1.0,25.0,25.0,POINT (-107.91193 25.85906)
596,MEX03721,2018-12-20,12:00,Chl-a,1.0,mg/l,2018-12-20,68.0,128.0,268.0,140.0,68.0,1.0,5.0,3.0,3.0,1.0,20.0,23.0,POINT (-107.91193 25.85906)
597,MEX03721,2018-12-20,12:00,Chl-a,1.0,mg/l,2018-12-20,72.0,126.0,266.0,139.0,68.0,1.0,4.0,2.0,2.0,3.0,23.0,21.0,POINT (-107.91193 25.85906)
598,MEX03727,2019-02-27,12:00,Chl-a,33.0,mg/l,2019-02-28,47.0,1.0,53.0,29.0,42.0,1.0,2.0,2.0,2.0,116.0,47.0,50.0,POINT (-108.326223 26.116679)
599,MEX03727,2019-02-27,12:00,Chl-a,33.0,mg/l,2019-02-28,33.0,1.0,43.0,22.0,33.0,1.0,1.0,1.0,1.0,89.0,46.0,48.0,POINT (-108.326223 26.116679)
600,MEX03728,2019-02-27,12:00,Chl-a,95.0,mg/l,2019-02-28,7.0,3.0,72.0,42.0,49.0,1.0,1.0,1.0,1.0,0.0,23.0,28.0,POINT (-108.303938 26.149943)
601,MEX03728,2019-02-27,12:00,Chl-a,95.0,mg/l,2019-02-28,1.0,1.0,62.0,35.0,40.0,1.0,1.0,1.0,1.0,0.0,21.0,27.0,POINT (-108.303938 26.149943)
602,MEX03729,2019-02-27,12:00,Chl-a,28.0,mg/l,2019-02-28,13.0,6.0,92.0,53.0,62.0,1.0,10.0,1.0,1.0,1.0,23.0,24.0,POINT (-108.30403 26.172376)
603,MEX03729,2019-02-27,12:00,Chl-a,28.0,mg/l,2019-02-28,1.0,1.0,82.0,46.0,53.0,1.0,1.0,1.0,1.0,1.0,21.0,23.0,POINT (-108.30403 26.172376)
604,MEX03763,2018-12-18,12:00,Chl-a,168.0,mg/l,2018-12-17,247.0,426.0,663.0,324.0,333.0,92.0,96.0,67.0,45.0,0.0,21.0,43.0,POINT (-95.4575 16.4899)
605,MEX03763,2019-03-04,12:00,Chl-a,84.0,mg/l,2019-03-02,543.0,630.0,927.0,531.0,480.0,204.0,201.0,173.0,150.0,13.0,64.0,53.0,POINT (-95.4575 16.4899)
606,MEX03763,2019-03-04,12:00,Chl-a,84.0,mg/l,2019-03-02,560.0,638.0,926.0,530.0,481.0,209.0,196.0,172.0,146.0,41.0,62.0,50.0,POINT (-95.4575 16.4899)
607,MEX03764,2018-12-18,12:00,Chl-a,168.0,mg/l,2018-12-17,311.0,493.0,744.0,412.0,421.0,168.0,178.0,156.0,116.0,26.0,80.0,74.0,POINT (-95.4495 16.4791)
608,MEX03764,2019-03-04,12:00,Chl-a,94.0,mg/l,2019-03-02,542.0,627.0,932.0,528.0,481.0,236.0,226.0,197.0,184.0,48.0,67.0,44.0,POINT (-95.4495 16.4791)
609,MEX03764,2019-03-04,12:00,Chl-a,94.0,mg/l,2019-03-02,564.0,652.0,941.0,532.0,491.0,244.0,227.0,196.0,182.0,91.0,64.0,35.0,POINT (-95.4495 16.4791)
610,MEX03765,2018-12-18,12:00,Chl-a,90.0,mg/l,2018-12-17,250.0,509.0,794.0,456.0,438.0,170.0,188.0,160.0,134.0,159.0,134.0,102.0,POINT (-95.4032 16.4507)
611,MEX03765,2019-03-04,12:00,Chl-a,43.0,mg/l,2019-03-02,474.0,447.0,689.0,333.0,306.0,175.0,162.0,148.0,151.0,250.0,157.0,118.0,POINT (-95.4032 16.4507)
612,MEX03765,2019-03-04,12:00,Chl-a,43.0,mg/l,2019-03-02,508.0,469.0,705.0,355.0,369.0,215.0,233.0,181.0,214.0,514.0,243.0,184.0,POINT (-95.4032 16.4507)
613,MEX03766,2018-12-18,12:00,Chl-a,117.0,mg/l,2018-12-17,328.0,612.0,967.0,542.0,515.0,180.0,198.0,168.0,150.0,57.0,146.0,133.0,POINT (-95.399086 16.444547)
614,MEX03766,2019-03-04,12:00,Chl-a,33.0,mg/l,2019-03-02,500.0,535.0,833.0,399.0,345.0,162.0,182.0,146.0,159.0,125.0,167.0,136.0,POINT (-95.399086 16.444547)
615,MEX03766,2019-03-04,12:00,Chl-a,33.0,mg/l,2019-03-02,612.0,582.0,884.0,429.0,373.0,182.0,206.0,163.0,165.0,393.0,190.0,150.0,POINT (-95.399086 16.444547)
616,MEX03781,2018-12-18,12:00,Chl-a,133.0,mg/l,2018-12-17,250.0,427.0,680.0,322.0,339.0,91.0,100.0,74.0,54.0,1.0,25.0,29.0,POINT (-95.4614 16.5252)
617,MEX03781,2019-03-04,12:00,Chl-a,43.0,mg/l,2019-03-02,924.0,993.0,1296.0,1396.0,1596.0,1794.0,1921.0,1866.0,1992.0,1241.0,2076.0,1557.0,POINT (-95.4614 16.5252)
618,MEX03781,2019-03-04,12:00,Chl-a,43.0,mg/l,2019-03-02,903.0,1018.0,1316.0,1421.0,1631.0,1782.0,1895.0,1834.0,1959.0,1649.0,2089.0,1591.0,POINT (-95.4614 16.5252)
619,MEX04029,2018-12-13,12:00,Chl-a,1.0,mg/l,2018-12-13,449.0,419.0,643.0,516.0,932.0,1635.0,1910.0,1999.0,2152.0,2182.0,1444.0,891.0,POINT (-98.33649 26.13853)
620,MEX04029,2018-12-13,12:00,Chl-a,1.0,mg/l,2018-12-13,441.0,413.0,650.0,523.0,956.0,1679.0,1962.0,2049.0,2210.0,2245.0,1484.0,915.0,POINT (-98.33649 26.13853)
621,MEX04064,2019-02-26,12:00,Chl-a,23.0,mg/l,2019-02-24,192.0,312.0,576.0,284.0,302.0,153.0,151.0,138.0,111.0,76.0,102.0,83.0,POINT (-99.24426 26.60365)
622,MEX04065,2019-02-26,12:00,Chl-a,100.0,mg/l,2019-02-24,218.0,356.0,653.0,329.0,343.0,156.0,171.0,151.0,128.0,73.0,127.0,103.0,POINT (-99.24930999999999 26.61445)
623,MEX04066,2019-02-26,12:00,Chl-a,81.0,mg/l,2019-02-24,170.0,267.0,492.0,241.0,267.0,148.0,157.0,138.0,123.0,66.0,85.0,69.0,POINT (-99.2304 26.58912)
624,MEX04114,2019-02-26,12:00,Chl-a,9.0,mg/l,2019-02-24,202.0,222.0,318.0,195.0,252.0,237.0,298.0,225.0,294.0,642.0,239.0,186.0,POINT (-100.60937 19.57889)
625,MEX04115,2019-02-26,12:00,Chl-a,117.0,mg/l,2019-02-24,158.0,232.0,311.0,164.0,160.0,87.0,95.0,64.0,76.0,42.0,73.0,82.0,POINT (-100.60876 19.56984)
626,MEX04119,2019-03-07,12:00,Chl-a,152.0,mg/l,2019-03-06,254.0,483.0,652.0,733.0,984.0,1130.0,1291.0,1307.0,1373.0,1431.0,1529.0,1200.0,POINT (-100.453578 20.786515)
627,MEX04119,2019-03-07,12:00,Chl-a,152.0,mg/l,2019-03-06,331.0,544.0,695.0,767.0,1005.0,1148.0,1302.0,1315.0,1382.0,1378.0,1525.0,1196.0,POINT (-100.453578 20.786515)
628,MEX04138,2019-02-25,12:00,Chl-a,274.0,mg/l,2019-02-26,237.0,370.0,807.0,344.0,415.0,116.0,114.0,76.0,62.0,22.0,77.0,84.0,POINT (-99.407341 19.835315)
629,MEX04138,2019-02-25,12:00,Chl-a,274.0,mg/l,2019-02-26,229.0,365.0,802.0,338.0,409.0,122.0,114.0,77.0,60.0,18.0,83.0,88.0,POINT (-99.407341 19.835315)
630,MEX04139,2019-02-25,12:00,Chl-a,268.0,mg/l,2019-02-26,242.0,370.0,885.0,350.0,470.0,145.0,141.0,93.0,77.0,11.0,85.0,76.0,POINT (-99.385347 19.834758)
631,MEX04139,2019-02-25,12:00,Chl-a,268.0,mg/l,2019-02-26,235.0,368.0,887.0,348.0,472.0,137.0,138.0,93.0,77.0,11.0,87.0,73.0,POINT (-99.385347 19.834758)
632,MEX04860,2019-03-15,12:00,Chl-a,675.0,mg/l,2019-03-13,253.0,323.0,460.0,299.0,474.0,394.0,389.0,315.0,256.0,370.0,154.0,123.0,POINT (-99.35816389999999 20.1262944)
633,MEX04861,2019-03-14,12:00,Chl-a,335.0,mg/l,2019-03-13,138.0,224.0,369.0,205.0,514.0,331.0,297.0,217.0,164.0,58.0,40.0,29.0,POINT (-99.36493059999999 20.1451)
634,MEX04862,2019-03-14,12:00,Chl-a,649.0,mg/l,2019-03-13,230.0,357.0,629.0,320.0,837.0,584.0,539.0,372.0,272.0,64.0,37.0,39.0,POINT (-99.36060000000001 20.1530389)
635,MEX04873,2019-03-15,12:00,Chl-a,69.0,mg/l,2019-03-13,600.0,734.0,875.0,956.0,960.0,1056.0,1103.0,1133.0,1125.0,1870.0,1110.0,928.0,POINT (-99.348361 20.077153)
